id;project_id;user_id;worker_id;bid_id;payment_id;usd_amount;status;paid_on;date_paid_on;worker_position_gamification
971058;3155349;6718183;334730;26135627;4434198;88,35;active;2025-7-3, 10:31;03/07/2025;hero
972180;3155460;11658461;5105994;26144938;4443038;43,95;active;2025-7-8, 13:24;08/07/2025;bronze
971859;3155523;5436873;8288505;26163060;4440787;175,92;active;2025-7-7, 13:07;07/07/2025;hero
971856;3155524;434827;6338457;26163629;4440793;58,64;active;2025-7-7, 13:07;07/07/2025;hero
971111;3155571;1638248;10092325;26137023;4434431;106,7;active;2025-7-3, 12:36;03/07/2025;silver
971148;3155680;9566773;8939101;26138160;4434646;25,1;active;2025-7-3, 14:31;03/07/2025;hero
971200;3155701;12206185;5314688;;;825;reverted;;;hero
971425;3155845;2958177;4820675;26139051;;44,36;active;;;bronze
971195;3155868;593313;7946760;26139802;4434896;147,76;active;2025-7-3, 16:51;03/07/2025;hero
971192;3155886;12207110;5886564;26139526;;88,53;active;;;hero
971690;3155951;11608509;8050187;26144464;4439105;14,02;active;2025-7-6, 09:29;06/07/2025;hero
971566;3156064;2324934;987634;26148083;4437922;73,78;active;2025-7-5, 09:46;05/07/2025;silver
971243;3156126;10070449;9999918;26141039;4435440;26,47;active;2025-7-3, 19:16;03/07/2025;gold
976336;3156155;252716;19217;26321495;4471910;120;active;2025-7-24, 18:47;24/07/2025;hero
971551;3156218;2031941;10333686;26145656;4459490;47,22;active;2025-7-17, 11:38;17/07/2025;bronze
972903;3156341;12142266;1631379;26173659;4456952;30;active;2025-7-16, 05:51;16/07/2025;bronze
975140;3156468;9919916;3855513;26143791;4465004;115,99;active;2025-7-21, 09:05;21/07/2025;hero
971721;3156531;10326463;7596357;26154738;4439346;35,89;terminated_by_arbitration;2025-7-6, 16:05;06/07/2025;gold
971761;3156531;10326463;10092325;26160122;4440103;56;terminated_by_arbitration;2025-7-7, 01:07;07/07/2025;gold
972182;3156531;10326463;9985586;26172024;4443041;60,16;active;2025-7-8, 13:27;08/07/2025;bronze
971445;3156581;11218830;9774944;26147854;4436711;144;active;2025-7-4, 15:35;04/07/2025;hero
974341;3156644;7541341;9758119;26148730;4458717;80;active;2025-7-16, 20:48;16/07/2025;bronze
971394;3156673;11949916;362797;26146323;4436446;26,63;active;2025-7-4, 13:13;04/07/2025;hero
971905;3156680;2460536;5297539;26148584;4440994;94,8;active;2025-7-7, 14:57;07/07/2025;platinum
971474;3156733;12213148;1189714;26148546;4436861;36,89;active;2025-7-4, 17:14;04/07/2025;iron
971845;3156738;12158562;7124467;26163649;4440731;8,81;active;2025-7-7, 14:09;07/07/2025;iron
971681;3156942;12214253;3461774;26149352;;25,08;active;;;hero
973235;3157187;12167960;117966;26173198;4450602;70,8;active;2025-7-13, 14:05;13/07/2025;silver
975269;3157206;12215242;6622009;26286311;4465569;179,97;active;2025-7-21, 16:06;21/07/2025;hero
972520;3157238;8898492;5079197;26152624;4445337;258;active;2025-7-9, 15:42;09/07/2025;bronze
971701;3157272;3538267;8312056;26151248;4439194;20,66;active;2025-7-6, 12:20;06/07/2025;bronze
971604;3157273;12216451;9786495;26150068;4438085;160;active;2025-7-7, 16:39;07/07/2025;bronze
972363;3157293;7505134;9343300;26183273;4444367;120,39;active;2025-7-8, 22:51;08/07/2025;gold
971726;3157295;9903622;9489266;26157387;4439393;14,76;active;2025-7-6, 16:57;06/07/2025;bronze
971677;3157321;144992;10121642;26152872;4438852;57,55;active;2025-7-6, 00:19;06/07/2025;gold
972483;3157452;1453942;9607968;26155910;4445161;12;active;2025-7-9, 13:43;09/07/2025;bronze
971555;3157466;140021;10380020;26151568;4437878;59,02;active;2025-7-5, 08:26;05/07/2025;bronze
971568;3157518;7329564;2482093;26151933;4437934;80;active;2025-7-5, 10:21;05/07/2025;gold
972255;3157586;12219149;384530;26153342;4443425;55,06;terminated_by_arbitration;2025-7-8, 16:36;08/07/2025;hero
977516;3157586;12219149;1626314;;4480589;71,7;reverted;2025-7-29, 19:38;29/07/2025;hero
977805;3157586;12219149;10316220;26312695;4482620;47,35;active;2025-7-30, 18:50;30/07/2025;bronze
971842;3157596;3808112;8288505;26164100;4440690;55,8;active;2025-7-7, 12:11;07/07/2025;hero
972054;3157627;3256771;1255097;26172161;4442679;420;active;2025-7-8, 10:22;08/07/2025;bronze
972755;3157672;2153119;384530;26181601;4447173;144,18;active;2025-7-10, 12:35;10/07/2025;hero
971663;3157704;682232;5619082;26154405;4438711;400;active;2025-7-5, 20:35;05/07/2025;hero
971647;3157722;2758303;384530;26154049;4438634;73,78;active;2025-7-5, 18:32;05/07/2025;hero
972855;3157737;12009888;10145186;26154147;;144;active;;;iron
974547;3157940;10394011;7204429;26180088;4460010;51,83;active;2025-7-17, 17:13;17/07/2025;bronze
978222;3158027;9284540;9249374;26164696;4484856;119,98;active;2025-7-31, 22:19;31/07/2025;iron
973136;3158043;120581;1538497;26157542;4449405;106,79;active;2025-7-11, 17:12;11/07/2025;bronze
976978;3158217;4912166;8072005;26341573;4477872;40,18;active;2025-7-28, 16:17;28/07/2025;bronze
972227;3158385;12225981;2860306;26172261;4443263;34,98;active;2025-7-8, 15:12;08/07/2025;hero
971782;3158414;12226064;152421;26158082;4440348;73,79;active;2025-7-7, 08:24;07/07/2025;hero
971751;3158451;12226569;1680804;26158715;4440450;44,27;active;2025-7-7, 10:09;07/07/2025;hero
973418;3158500;11827439;688720;;4452470;24;reverted;2025-7-13, 22:23;13/07/2025;silver
977090;3158551;10323985;7284656;26177553;;14,29;active;;;hero
972920;3158645;4711798;10467603;26160616;4448296;47,72;active;2025-7-10, 20:54;10/07/2025;silver
971779;3158721;504761;9772555;26160710;4440321;52;active;2025-7-7, 07:33;07/07/2025;platinum
972161;3158961;5592789;711247;26162899;4444716;66,01;active;2025-7-9, 08:05;09/07/2025;platinum
972099;3158966;11950432;117966;26172537;;1200;active;;;silver
974630;3158973;10393035;1785841;26260913;4460651;57,67;active;2025-7-17, 20:59;17/07/2025;platinum
972549;3159014;4100167;471746;26165092;4445562;204,12;active;2025-7-9, 16:50;09/07/2025;bronze
971853;3159031;12231125;1061415;26164726;4440777;120,21;active;2025-7-8, 14:24;08/07/2025;bronze
974520;3159049;12231309;1293;26206826;4459848;79,57;active;2025-7-17, 16:43;17/07/2025;hero
971915;3159084;10710069;4179775;26165611;4441060;36,46;active;2025-7-7, 15:27;07/07/2025;hero
972279;3159169;12232187;9865526;26166831;4443526;64,52;active;2025-7-8, 17:17;08/07/2025;bronze
971881;3159182;11808899;117959;26165546;;8,05;active;;;hero
971901;3159202;12232437;7509543;26165610;4440988;12,4;active;2025-7-7, 14:51;07/07/2025;hero
971899;3159208;8772969;585851;26165902;4440984;42,72;active;2025-7-7, 14:49;07/07/2025;bronze
973001;3159273;6231883;30666;26167353;4448833;72,32;active;2025-7-11, 10:20;11/07/2025;hero
971900;3159293;6403064;1185748;26166377;4440983;10,94;active;2025-7-7, 14:50;07/07/2025;hero
973021;3159337;2056214;250380;26201340;4448921;240,01;active;2025-7-11, 11:19;11/07/2025;hero
972015;3159365;5594664;2796918;;;26,25;reverted;;;hero
971996;3159367;12233569;1626314;26169700;4441793;29,17;active;2025-7-7, 18:55;07/07/2025;hero
972282;3159387;9947303;714845;26180058;4443543;12,8;active;2025-7-8, 17:25;08/07/2025;iron
972261;3159411;12233209;9703115;26168301;;23,49;active;;;bronze
973114;3159441;201574;5495814;26198799;4449306;56,91;active;2025-7-11, 16:05;11/07/2025;platinum
972000;3159486;11341355;9607968;26170045;4441861;1320;active;2025-7-7, 20:06;07/07/2025;bronze
971969;3159504;12227541;311126;;;451,38;reverted;;;bronze
975107;3159509;11882448;5505305;26175881;4469647;240;active;2025-7-23, 17:55;23/07/2025;bronze
971971;3159539;12234875;1248768;26169197;4441688;29,21;active;2025-7-7, 17:58;07/07/2025;hero
971998;3159544;160344;152421;26169359;4441836;131,27;active;2025-7-7, 19:04;07/07/2025;hero
972219;3159547;7763418;112846;26178322;4443221;146,38;active;2025-7-8, 14:51;08/07/2025;hero
972438;3159625;12234894;4180497;26182728;4444948;143,39;active;2025-7-9, 11:45;09/07/2025;hero
972218;3159639;12235566;5445509;;4447077;256,17;reverted;2025-7-10, 13:35;10/07/2025;bronze
972016;3159688;1334548;1248768;26170799;4441962;36,46;active;2025-7-7, 20:37;07/07/2025;hero
973150;3159724;495676;9005188;26171192;4449780;24,02;active;2025-7-11, 17:54;11/07/2025;bronze
972034;3159728;12236412;9907027;26170936;;32;active;;;hero
972028;3159737;12236200;10077794;26171205;;21,86;active;;;bronze
974133;3159748;12236578;9152996;26180019;4457155;114,78;active;2025-7-16, 11:00;16/07/2025;hero
972209;3159787;12236810;4435704;26175930;4443171;279,01;active;2025-7-8, 14:37;08/07/2025;gold
972989;3159790;2332997;705636;26192297;4448787;645;active;2025-7-11, 09:17;11/07/2025;hero
972120;3159869;12237722;250380;26173835;;131,9;active;;;hero
972528;3159888;6423439;9534192;26189770;4445371;50;active;2025-7-9, 16:47;09/07/2025;hero
972082;3160043;655135;105148;26173525;4442511;71,41;active;2025-7-8, 08:14;08/07/2025;platinum
975701;3160097;9682004;3962072;26174074;4468331;62,88;active;2025-7-22, 18:39;22/07/2025;gold
972160;3160117;12239927;384519;26176353;4442905;55,74;active;2025-7-8, 12:32;08/07/2025;hero
972116;3160122;9060982;50291;26174507;4442686;43,72;active;2025-7-8, 10:27;08/07/2025;hero
972448;3160163;2184451;3996508;26176227;4444988;29,29;active;2025-7-9, 12:13;09/07/2025;hero
973125;3160172;12239996;4622689;26178186;;327,31;active;;;bronze
972188;3160223;9205267;9907027;26175544;4443072;79,99;active;2025-7-8, 13:42;08/07/2025;hero
972150;3160270;12153468;10473107;26176122;4442844;30,9;active;2025-7-8, 14:13;08/07/2025;iron
973912;3160279;9004113;114583;26232021;4455453;240,21;active;2025-7-15, 14:20;15/07/2025;hero
972501;3160290;876891;1980181;26183195;4445254;80;active;2025-7-9, 14:40;09/07/2025;bronze
972232;3160310;234042;72956;26178693;4443290;51,23;active;2025-7-8, 15:25;08/07/2025;hero
972167;3160330;1638248;10092325;26176631;4442938;54;active;2025-7-8, 12:44;08/07/2025;gold
972177;3160345;12241666;9849809;26176763;4443034;128,19;active;2025-7-8, 13:21;08/07/2025;iron
972313;3160350;10047704;7548338;26177056;4443996;58,75;active;2025-7-8, 18:48;08/07/2025;silver
973175;3160381;12241997;10172591;26205110;4453653;130,17;active;2025-7-14, 16:53;14/07/2025;platinum
976190;3160405;11987023;1830667;26180918;4471274;377,02;active;2025-7-24, 11:24;24/07/2025;platinum
974161;3160453;2500080;4810481;26178021;4457256;236,56;active;2025-7-16, 11:34;16/07/2025;bronze
972214;3160456;11909810;8939101;26178144;4443190;19,04;active;2025-7-8, 14:40;08/07/2025;hero
972768;3160472;3666622;8386508;26187818;4447253;97,75;active;2025-7-10, 13:21;10/07/2025;hero
972233;3160482;11622654;10135460;26178367;4443291;73,04;active;2025-7-8, 18:21;08/07/2025;iron
973986;3160509;1132759;2049888;26240327;4467695;186,88;active;2025-7-22, 15:43;22/07/2025;hero
975557;3160543;3061517;448192;26290652;4467349;186,41;active;2025-7-22, 12:37;22/07/2025;bronze
972245;3160562;12043561;2049888;26179193;4443349;36,71;active;2025-7-8, 15:53;08/07/2025;hero
972286;3160597;8974352;9205571;26179430;4443868;11,03;active;2025-7-8, 17:39;08/07/2025;gold
972984;3160687;6093462;9627479;26188800;;28,9;active;;;iron
972431;3160704;9841007;7348706;26181128;4444925;36,58;active;2025-7-9, 11:35;09/07/2025;silver
973296;3160725;12244493;10279286;26181729;4451207;9,38;active;2025-7-13, 14:06;13/07/2025;bronze
977813;3160857;12245502;433374;26182999;4482703;236,98;active;2025-7-30, 19:44;30/07/2025;platinum
974626;3160900;8277356;4548066;26182257;4460631;28,83;active;2025-7-17, 20:48;17/07/2025;platinum
972839;3160915;12245821;10334243;26199544;4447560;143,92;active;2025-7-10, 16:05;10/07/2025;iron
972684;3160994;8666405;4179775;26185367;4446847;60,18;active;2025-7-10, 09:44;10/07/2025;hero
972477;3160997;12246514;5707443;26187234;4445191;36,11;active;2025-7-9, 14:07;09/07/2025;gold
972357;3161009;12246613;1751906;26183032;4444327;8,07;active;2025-7-8, 22:19;08/07/2025;bronze
972378;3161066;12247166;427399;26183863;4444474;132,14;active;2025-7-9, 00:56;09/07/2025;hero
972595;3161077;12216127;1762529;26191432;4449365;486,75;active;2025-7-11, 16:51;11/07/2025;iron
973465;3161149;5136490;8060619;26185869;4457043;80;active;2025-7-16, 08:56;16/07/2025;bronze
972388;3161214;12248344;3369286;26184550;4444682;32;active;2025-7-9, 06:31;09/07/2025;platinum
972401;3161282;4993322;9849809;26185052;4445290;17,6;terminated_by_arbitration;2025-7-9, 15:16;09/07/2025;iron
974353;3161282;4993322;4226590;26206009;4458803;71,85;active;2025-7-16, 21:47;16/07/2025;gold
972759;3161333;8745877;1626314;26190789;4447178;38,93;active;2025-7-10, 12:36;10/07/2025;hero
972429;3161342;8443898;30666;26186428;4444913;58,53;active;2025-7-9, 11:30;09/07/2025;hero
972769;3161345;8803893;1762529;26186714;4447259;52,63;active;2025-7-10, 13:24;10/07/2025;iron
972858;3161346;11981649;2149630;26186233;4447640;36,04;active;2025-7-10, 16:52;10/07/2025;hero
972434;3161395;9731385;198512;26186512;4444917;119,98;active;2025-7-9, 11:32;09/07/2025;gold
978376;3161401;787359;9276628;26275244;4485685;71,67;active;2025-8-1, 13:47;01/08/2025;gold
972440;3161406;12249459;2931754;26186329;4444950;21,93;active;2025-7-9, 11:45;09/07/2025;bronze
972441;3161429;12249528;2707996;26186705;;80,47;active;;;silver
972575;3161454;7338369;6686473;26190191;4446050;203,54;active;2025-7-9, 18:07;09/07/2025;hero
974314;3161461;12242432;471353;26238321;4458634;79,01;active;2025-7-16, 20:06;16/07/2025;platinum
972500;3161466;11988140;1482265;26188724;4445251;28;active;2025-7-9, 14:39;09/07/2025;platinum
974619;3161499;4489511;185670;26188433;4460587;75,14;active;2025-7-17, 19:57;17/07/2025;hero
972465;3161509;6777325;399057;26187811;4445094;14,62;active;2025-7-9, 13:09;09/07/2025;iron
972715;3161512;8967035;5858329;26189882;4446984;25,03;active;2025-7-10, 10:52;10/07/2025;platinum
972475;3161549;12250313;30666;26187675;4445127;119,89;active;2025-7-9, 13:26;09/07/2025;hero
972999;3161599;8772969;9467779;26193647;4448822;61,44;active;2025-7-11, 09:54;11/07/2025;iron
972503;3161601;11437251;2736630;26188101;4445267;73,1;active;2025-7-9, 14:55;09/07/2025;hero
973161;3161604;10100520;8365998;26187966;4449862;63,09;active;2025-7-11, 18:50;11/07/2025;gold
972474;3161614;1728647;10024902;26188070;;42,4;active;;;iron
972591;3161623;11462194;10467603;26188203;4446095;14,54;active;2025-7-9, 18:41;09/07/2025;silver
972716;3161737;7898877;5134502;26190321;4446985;96;active;2025-7-10, 10:51;10/07/2025;bronze
973002;3161852;12252278;9205571;26196133;4448838;13,02;active;2025-7-11, 10:07;11/07/2025;platinum
972544;3161872;4156101;114583;26190159;4445515;86,22;active;2025-7-9, 16:42;09/07/2025;hero
972604;3161912;5729103;879106;26190438;4446183;136,62;active;2025-7-9, 19:50;09/07/2025;hero
972563;3161940;2638726;1626314;26190772;4445986;40,82;active;2025-7-9, 17:37;09/07/2025;hero
972696;3162002;11993772;10158057;26191689;4446882;14,3;active;2025-7-10, 10:01;10/07/2025;bronze
972981;3162030;10326463;10124876;26203430;4448763;28;active;2025-7-11, 08:41;11/07/2025;iron
972911;3162100;8538359;7181172;26192236;4448268;54,23;active;2025-7-10, 20:27;10/07/2025;hero
973267;3162146;6975945;269869;26213913;4450743;77,7;active;2025-7-12, 16:14;12/07/2025;bronze
972650;3162164;12254319;10402078;26193869;4446502;510;active;2025-7-10, 14:35;10/07/2025;hero
972620;3162183;12254474;7300348;26192414;4446304;85,98;terminated_by_arbitration;2025-7-9, 21:35;09/07/2025;hero
973990;3162198;12254703;4581049;26193828;4456596;374,47;active;2025-7-15, 22:17;15/07/2025;platinum
972683;3162203;12254778;9900832;;;40,12;reverted;;;gold
973328;3162248;2086564;6856981;26213986;4451420;168;active;2025-7-13, 01:22;13/07/2025;bronze
972641;3162290;12052212;9266845;;;40,12;reverted;;;platinum
973305;3162315;50990;10229644;26211231;4451235;24;active;2025-7-12, 19:58;12/07/2025;iron
973330;3162317;1973650;7145603;26194575;4451527;32;active;2025-7-13, 02:36;13/07/2025;bronze
972844;3162418;2271298;1275880;26196878;4447582;48;active;2025-7-10, 16:14;10/07/2025;bronze
972982;3162483;1642451;5074324;26197332;4448769;24;active;2025-7-11, 08:50;11/07/2025;hero
973759;3162494;4891137;5707443;26196576;4454602;22,47;active;2025-7-14, 23:16;14/07/2025;platinum
972708;3162574;12063492;250380;26195636;4446952;870;active;2025-7-10, 10:35;10/07/2025;hero
977546;3162577;4834858;50291;26199149;4481225;538,13;active;2025-7-30, 09:47;30/07/2025;hero
972727;3162600;10470732;5858329;26195742;4447294;21,52;active;2025-7-10, 13:41;10/07/2025;platinum
973983;3162611;5237486;1051955;26236136;;7,91;active;;;hero
977691;3162615;12257938;10310034;26195873;;4,27;active;;;bronze
973482;3162648;4162333;185670;26197246;4452895;39,94;active;2025-7-14, 14:09;14/07/2025;hero
972863;3162667;12258380;10260261;26198404;4447657;20,18;active;2025-7-10, 17:04;10/07/2025;iron
973579;3162676;12258431;4850452;26197155;4454172;172,21;active;2025-7-14, 18:52;14/07/2025;bronze
977508;3162699;10844894;5886564;26197439;4480568;71,77;active;2025-7-29, 19:31;29/07/2025;hero
976313;3162712;12258621;163691;26196765;4471793;36,22;active;2025-7-24, 16:06;24/07/2025;hero
972820;3162728;11439790;4246969;;;115,41;reverted;;;hero
972931;3162745;5032615;566193;26202729;4448374;43,36;active;2025-7-10, 22:10;10/07/2025;platinum
973020;3162820;3462215;8372405;26205532;4448916;28,71;active;2025-7-11, 11:16;11/07/2025;iron
972767;3162837;4604918;9703115;26197468;4447246;28,69;active;2025-7-10, 13:15;10/07/2025;bronze
972842;3163014;5187593;3628520;;;38,22;reverted;;;bronze
974885;3163014;5187593;1754823;26270583;4462423;60;active;2025-7-18, 21:14;18/07/2025;platinum
972847;3163029;10458993;1025863;26199081;4447610;36;active;2025-7-10, 16:29;10/07/2025;bronze
973923;3163032;2056214;9957842;26199556;4455510;36,77;active;2025-7-15, 14:39;15/07/2025;silver
974400;3163075;4737038;4548066;26198888;4459290;28,73;active;2025-7-17, 09:32;17/07/2025;platinum
973576;3163081;373099;8637727;26199580;4453334;614,97;active;2025-7-15, 21:37;15/07/2025;bronze
972872;3163099;12260390;9885012;26200369;4447697;17,3;active;2025-7-10, 17:29;10/07/2025;bronze
973968;3163179;1083360;10650135;26199979;4455680;57,38;active;2025-7-15, 15:59;15/07/2025;bronze
973899;3163193;6967145;1698073;26203874;4455367;71,85;active;2025-7-15, 13:35;15/07/2025;hero
972864;3163211;7157216;4284168;26200254;4447658;14,41;active;2025-7-10, 17:05;10/07/2025;hero
973534;3163213;9145930;10535737;26215767;4453130;208,94;active;2025-7-14, 12:34;14/07/2025;bronze
973473;3163230;12259742;6761182;26222341;4452847;201,44;active;2025-7-14, 09:47;14/07/2025;hero
973013;3163238;10454440;1770596;26201831;4448881;215,35;active;2025-7-11, 10:50;11/07/2025;hero
974577;3163253;12261813;7007197;26210183;4460374;9,09;active;2025-7-17, 17:38;17/07/2025;iron
973045;3163295;1308550;9985279;26205965;4449021;50,12;active;2025-7-11, 12:47;11/07/2025;platinum
972882;3163302;717508;2075919;26200864;4448080;95,28;active;2025-7-10, 18:09;10/07/2025;gold
973369;3163349;12262401;2274984;26201144;4451837;11,51;active;2025-7-13, 15:18;13/07/2025;bronze
972902;3163370;7509086;10590371;26201437;4448208;86,73;active;2025-7-10, 19:35;10/07/2025;iron
973072;3163406;5774870;9205571;26207283;4449153;42,92;active;2025-7-11, 14:26;11/07/2025;platinum
973811;3163458;8853617;4111596;26203273;4455017;43,24;active;2025-7-15, 10:09;15/07/2025;iron
973202;3163483;12263619;9881253;26208541;;25,36;active;;;bronze
973581;3163518;10370933;9146709;26203256;;7,18;active;;;platinum
976740;3163585;9061684;9671183;26238668;4476137;56,14;active;2025-7-27, 15:32;27/07/2025;hero
974313;3163594;148853;944327;26209753;;11,49;active;;;hero
972956;3163624;9731144;6044239;26203530;4448620;47,72;active;2025-7-11, 01:58;11/07/2025;hero
973060;3163677;12265558;1631379;26206912;4449083;30;active;2025-7-11, 13:42;11/07/2025;bronze
973209;3163719;12265817;10371442;26211293;4450642;51,2;active;2025-7-12, 14:14;12/07/2025;bronze
973040;3163793;11859099;2084401;26205083;;21,48;active;;;bronze
973012;3163801;5414614;72956;26205119;4449023;57,85;terminated_by_arbitration;2025-7-11, 12:47;11/07/2025;hero
973914;3163810;5414614;9627479;26228756;4455454;28,59;active;2025-7-15, 14:20;15/07/2025;iron
973008;3163813;6208800;9844823;26204820;4448850;47,73;active;2025-7-11, 10:22;11/07/2025;bronze
973134;3163826;884771;50291;26207768;4449378;57,68;active;2025-7-11, 16:58;11/07/2025;hero
973985;3163890;11688248;3095015;;;557,34;reverted;;;hero
974721;3163890;11688248;3095015;26257404;4465181;483,98;active;2025-7-21, 11:31;21/07/2025;hero
974218;3163903;10665887;2295710;26248061;4457524;143,39;active;2025-7-16, 14:18;16/07/2025;hero
973678;3163909;12147647;9555675;26226986;4454080;421,34;active;2025-7-14, 17:57;14/07/2025;bronze
973318;3163920;813335;9841810;26210376;4451315;20,28;active;2025-7-12, 21:47;12/07/2025;bronze
973037;3163932;12266754;5707443;26205616;4448992;35,37;active;2025-7-11, 12:22;11/07/2025;gold
973625;3163933;9696810;10529529;26214702;4453512;422,45;active;2025-7-14, 15:35;14/07/2025;iron
973213;3163977;8975578;10048596;26206291;;908,69;active;;;bronze
973133;3164029;10072905;7667896;26208365;4449357;57,63;active;2025-7-11, 16:45;11/07/2025;silver
973601;3164039;12228581;512710;26209014;4453453;159,05;active;2025-7-14, 15:03;14/07/2025;hero
973774;3164052;11686360;1968809;26231548;4454820;705,05;active;2025-7-15, 05:39;15/07/2025;gold
973350;3164079;917513;7671294;26207029;4451730;245,1;active;2025-7-13, 12:44;13/07/2025;hero
975696;3164080;420614;4062364;26209301;;21,13;active;;;silver
973230;3164114;12245513;6267563;26207142;4450526;28,78;active;2025-7-12, 12:01;12/07/2025;bronze
973247;3164174;543248;8920884;26209841;4450683;48;active;2025-7-12, 14:57;12/07/2025;bronze
973093;3164190;1520179;4649647;26207596;4449232;11,51;active;2025-7-11, 15:21;11/07/2025;silver
973141;3164285;12268728;4548066;26208335;4449419;28,84;active;2025-7-11, 17:31;11/07/2025;platinum
973157;3164287;12266056;9897574;26209038;;1576,19;active;;;bronze
973156;3164302;3220255;5125826;26209449;4449836;24;active;2025-7-13, 14:04;13/07/2025;silver
973651;3164362;8213652;7946760;26227351;4454960;215,25;active;2025-7-15, 09:15;15/07/2025;hero
973232;3164365;7953634;879106;26210038;4452829;53,42;active;2025-7-14, 09:26;14/07/2025;hero
973978;3164385;12269275;10285092;26216788;4457625;79,12;active;2025-7-17, 14:38;17/07/2025;bronze
973145;3164400;12269385;5320475;26209076;4449768;85,08;active;2025-7-11, 17:44;11/07/2025;hero
973149;3164406;7131934;1916734;26209141;;196,37;active;;;platinum
973319;3164450;12269846;5830050;26209622;4466393;119,94;active;2025-7-21, 19:22;21/07/2025;hero
973243;3164481;11550654;9537913;;;23,02;reverted;;;iron
973321;3164550;114374;2105244;26210396;4451333;16;active;2025-7-12, 22:07;12/07/2025;hero
973313;3164633;11839606;9146709;26211109;4454395;57,55;active;2025-7-14, 20:45;14/07/2025;gold
973205;3164654;12271685;10145186;26211177;;30,4;active;;;iron
974622;3164684;4664901;9861534;26222166;;198,99;active;;;gold
973885;3164695;12272053;7335703;26211446;;31,78;active;;;hero
973220;3164769;4979251;5287310;26212038;4450464;48;active;2025-7-12, 10:45;12/07/2025;hero
973214;3164775;6720308;4284168;26211658;4450413;115,11;active;2025-7-12, 09:05;12/07/2025;hero
974796;3164838;12273114;5606363;26212275;4461650;28,57;active;2025-7-18, 15:22;18/07/2025;hero
973240;3164862;8675833;7595749;26213036;4450619;35,97;active;2025-7-12, 13:42;12/07/2025;bronze
973255;3164920;4654950;9751713;26212881;4450703;24;active;2025-7-12, 15:24;12/07/2025;silver
973612;3164981;578540;9772555;26213357;4453488;52;active;2025-7-14, 15:23;14/07/2025;hero
973278;3165065;11898239;7355684;26214306;4451151;86,33;active;2025-7-12, 17:39;12/07/2025;platinum
973334;3165075;10114126;9205571;26216167;4451594;14,39;active;2025-7-13, 08:27;13/07/2025;platinum
973358;3165108;4131708;9841810;26214685;4451794;20,28;active;2025-7-13, 14:07;13/07/2025;bronze
973316;3165251;2532830;1961130;26215305;4451307;25,9;active;2025-7-12, 21:38;12/07/2025;silver
973945;3165261;12275822;1626314;26230329;4455586;100,41;active;2025-7-15, 15:13;15/07/2025;hero
973373;3165366;12277185;275721;26217882;;179,85;active;;;hero
975895;3165471;12278085;3991541;26235054;;17,89;active;;;silver
973356;3165542;7338369;78142;26217260;4451770;35,97;active;2025-7-13, 14:18;13/07/2025;hero
973361;3165571;12265601;9907027;26217568;4451798;40;active;2025-7-13, 14:19;13/07/2025;hero
975922;3165583;2853516;1330373;26308830;4469448;240;active;2025-7-23, 14:16;23/07/2025;hero
973412;3165586;12278877;4246969;26219232;4452397;215,82;active;2025-7-13, 20:49;13/07/2025;hero
973378;3165597;11591772;585851;26217320;4451896;76,07;active;2025-7-13, 16:32;13/07/2025;bronze
973428;3165664;4650582;8965749;26218996;;240;active;;;bronze
973383;3165744;252091;7548338;26218274;4451913;14,39;active;2025-7-13, 17:04;13/07/2025;silver
974045;3165769;570813;4180497;26242567;4456447;143,99;active;2025-7-15, 20:35;15/07/2025;hero
973392;3165783;5729103;879106;26218547;4452261;134,35;active;2025-7-13, 18:01;13/07/2025;hero
974149;3165786;10994262;9370076;26246662;4457219;21,54;active;2025-7-16, 11:02;16/07/2025;bronze
973421;3165840;12280968;4284168;26219926;4452475;14,37;active;2025-7-13, 22:31;13/07/2025;hero
974205;3165841;5637761;1830667;26245096;4457458;143,73;active;2025-7-16, 13:38;16/07/2025;platinum
973594;3165883;12281173;8765446;26224919;4453438;12,15;active;2025-7-14, 14:53;14/07/2025;iron
974849;3165950;360675;5331756;26265013;4462177;79,47;active;2025-7-18, 18:07;18/07/2025;silver
973424;3165993;12282170;4941048;26220295;4452502;43,12;active;2025-7-13, 23:25;13/07/2025;hero
974083;3166000;6329924;8507035;26222281;4456876;11,2;active;2025-7-16, 14:53;16/07/2025;bronze
973843;3166013;667248;173822;26223430;4455142;57,6;active;2025-7-15, 11:27;15/07/2025;hero
973430;3166020;12279595;9607968;26220422;;1770;active;;;silver
973967;3166081;12283131;250380;26223032;4455689;158,36;active;2025-7-15, 16:40;15/07/2025;hero
976883;3166092;544988;2233095;26243430;4476654;14,46;active;2025-7-28, 12:41;28/07/2025;bronze
974289;3166111;12283591;3522848;26224616;4458454;17,31;active;2025-7-17, 10:02;17/07/2025;iron
973915;3166182;12158132;231573;26225468;4455485;95,02;active;2025-7-15, 14:32;15/07/2025;platinum
975268;3166203;12186137;595150;26240421;4465593;48,92;active;2025-7-21, 14:57;21/07/2025;silver
973517;3166244;7304644;6662092;26222975;;71,69;active;;;gold
973484;3166267;467525;9774223;26222944;4453061;510,23;active;2025-7-14, 12:05;14/07/2025;hero
973709;3166271;207775;888591;26229119;4454615;55,54;active;2025-7-15, 10:30;15/07/2025;bronze
976534;3166272;12284478;6622009;26225179;4474711;125,7;active;2025-7-26, 09:52;26/07/2025;hero
978062;3166300;12284536;615237;26375419;4484118;8;active;2025-7-31, 16:29;31/07/2025;bronze
974164;3166316;8162089;1938893;26227559;4457267;93,11;active;2025-7-16, 11:40;16/07/2025;hero
976290;3166347;6371081;2867812;26270616;;135,6;active;;;iron
973511;3166349;494823;6686473;26223992;4453019;142,74;active;2025-7-14, 11:40;14/07/2025;hero
973523;3166403;11144880;4941048;26224555;4453064;72,13;active;2025-7-14, 12:06;14/07/2025;hero
973521;3166404;12285111;5061539;;;40;reverted;;;hero
974687;3166418;11989041;3855513;26241020;4465213;79,28;active;2025-7-21, 11:21;21/07/2025;hero
973639;3166438;2576556;2766905;26228179;4453564;100,45;active;2025-7-14, 16:08;14/07/2025;platinum
974150;3166490;12285756;8878218;26225198;4468438;56;active;2025-7-23, 13:38;23/07/2025;silver
974739;3166504;1424872;5319790;26247915;4461440;49,06;active;2025-7-18, 13:07;18/07/2025;hero
974406;3166570;8520047;9647454;26228272;;43,09;active;;;platinum
977333;3166598;2296861;2386881;26356643;4479431;499,61;active;2025-7-29, 11:19;29/07/2025;hero
973567;3166626;598805;7667896;26226318;4453301;28,75;active;2025-7-14, 13:54;14/07/2025;silver
974895;3166635;12286635;2796918;26270847;4464939;215,02;active;2025-7-21, 09:53;21/07/2025;hero
974811;3166667;5139841;2421370;26268133;4461706;28,69;active;2025-7-18, 16:02;18/07/2025;platinum
973917;3166677;12075959;8878218;26227143;4457506;55,68;active;2025-7-16, 14:04;16/07/2025;silver
973751;3166746;12274113;9647454;26228434;4454506;53,68;active;2025-7-14, 22:03;14/07/2025;platinum
974393;3166755;12287508;10284173;26234534;;1050;active;;;iron
973867;3166768;12215242;30666;26228510;4455237;86,4;active;2025-7-15, 12:51;15/07/2025;hero
973668;3166786;12124804;1631379;26229353;4453693;24;active;2025-7-14, 17:17;14/07/2025;bronze
976251;3166790;3178664;6780771;26232673;4471524;242,25;active;2025-7-24, 14:20;24/07/2025;iron
973652;3166842;1871305;9198017;26228572;4453626;86,1;active;2025-7-14, 16:39;14/07/2025;bronze
974932;3166844;4553404;6349020;26231752;4462783;35,84;active;2025-7-19, 10:02;19/07/2025;bronze
973684;3166905;1797806;7667896;26229437;4454114;93,09;active;2025-7-15, 10:29;15/07/2025;silver
973775;3166936;12288897;215855;26229656;4463624;869,99;active;2025-7-19, 22:25;19/07/2025;gold
973733;3167002;11096379;163691;26230055;4454379;85,88;active;2025-7-14, 20:37;14/07/2025;hero
973738;3167033;2649473;9751713;26231353;4454401;36;active;2025-7-14, 21:17;14/07/2025;silver
974802;3167065;2338857;7426035;26260710;4461672;30,15;active;2025-7-18, 15:33;18/07/2025;iron
973720;3167084;198670;10334243;26231237;4454328;28,63;active;2025-7-14, 20:01;14/07/2025;iron
975228;3167116;10348100;9152996;26231844;4465385;71,92;active;2025-7-21, 13:08;21/07/2025;hero
973745;3167150;12272585;9992320;;;35,79;reverted;;;iron
975248;3167215;11362936;4544164;26267112;4465492;420;active;2025-7-21, 15:35;21/07/2025;gold
973758;3167238;11279684;10617098;26232716;4454601;240;active;2025-7-14, 23:14;14/07/2025;iron
974803;3167254;2860411;10285092;26268004;4461681;38,74;active;2025-7-18, 15:40;18/07/2025;bronze
973808;3167263;4586423;4133020;26234179;4455008;85,9;active;2025-7-15, 10:03;15/07/2025;hero
974865;3167267;10088149;5606363;26239751;4462479;24,36;active;2025-7-18, 22:04;18/07/2025;hero
973762;3167277;641754;9751713;26232766;4454627;40;active;2025-7-14, 23:42;14/07/2025;silver
974229;3167290;7664392;3855513;26234208;4457587;123,64;active;2025-7-16, 14:53;16/07/2025;hero
973770;3167306;1828954;7960518;26233122;;121,66;active;;;platinum
973772;3167379;12292869;97446;26233488;;100,19;active;;;platinum
974094;3167433;12293408;295665;26233922;4456989;140,29;active;2025-7-16, 07:30;16/07/2025;hero
974110;3167522;12294060;5895364;26237152;;119,49;active;;;bronze
974226;3167534;12285215;10634510;26235150;4457566;64,69;active;2025-7-16, 14:38;16/07/2025;bronze
974118;3167547;3623972;9710635;26236731;4457103;36;active;2025-7-16, 09:45;16/07/2025;silver
973839;3167564;12294239;10465897;26235611;4455173;65,66;active;2025-7-15, 11:46;15/07/2025;silver
973815;3167574;5729103;879106;26235325;4455027;55,09;active;2025-7-15, 10:15;15/07/2025;hero
974165;3167575;119794;1786615;26242379;4457270;91,65;active;2025-7-16, 11:42;16/07/2025;bronze
973848;3167610;8158208;50291;26236492;4455164;72,02;active;2025-7-15, 11:41;15/07/2025;hero
974505;3167622;12294661;6338457;26258544;4459741;79,08;active;2025-7-17, 14:24;17/07/2025;hero
973861;3167624;7047976;9785862;26236929;4455217;129,6;active;2025-7-15, 12:15;15/07/2025;bronze
978280;3167636;4796657;8948735;26240117;;24,26;active;;;bronze
973872;3167714;7822476;10500044;26237066;4455250;24,48;active;2025-7-15, 12:35;15/07/2025;iron
973894;3167748;211892;612434;26237676;4455335;17,97;active;2025-7-15, 13:17;15/07/2025;hero
973877;3167753;1638248;10092325;26237295;4455265;187,2;active;2025-7-15, 12:43;15/07/2025;gold
974581;3167785;9011891;944327;26240436;4460387;43,23;active;2025-7-17, 17:50;17/07/2025;hero
974590;3167796;12296009;1240635;26248858;4483731;1947,49;active;2025-7-31, 13:16;31/07/2025;hero
973922;3167854;6622294;7300348;26238131;4455559;185,91;active;2025-7-15, 14:58;15/07/2025;hero
973936;3167876;11474770;427399;26238937;4455568;35,78;active;2025-7-15, 15:02;15/07/2025;hero
974264;3167910;4781478;1708461;26250968;4457823;54,71;active;2025-7-16, 16:32;16/07/2025;hero
973935;3167943;12223836;163691;26238903;4455565;35,78;active;2025-7-15, 15:00;15/07/2025;hero
974421;3168064;11560021;7190239;26244801;4459385;50,13;active;2025-7-17, 10:44;17/07/2025;hero
974223;3168089;7793679;2362975;26245259;4457557;50,32;active;2025-7-16, 14:54;16/07/2025;hero
974294;3168104;7226633;3450881;26243920;4458500;79,03;active;2025-7-16, 18:18;16/07/2025;gold
974001;3168112;7793679;6225156;26240393;4455827;17,25;active;2025-7-15, 17:25;15/07/2025;gold
974112;3168130;4881369;10532017;26240623;4457340;25,91;active;2025-7-16, 12:18;16/07/2025;iron
974534;3168171;11448524;8739899;26256086;4459881;25,92;active;2025-7-17, 15:48;17/07/2025;hero
976526;3168182;1303369;766007;26298140;4473371;14,37;active;2025-7-25, 14:18;25/07/2025;iron
974153;3168187;10681596;1991978;26246989;4457233;43,04;active;2025-7-16, 11:12;16/07/2025;gold
976539;3168287;12299344;6818328;26242353;;8,63;active;;;bronze
974053;3168306;12299512;9497161;26243225;4457384;143,96;active;2025-7-16, 12:44;16/07/2025;bronze
974319;3168307;11895246;9703115;26242189;4458644;122,07;active;2025-7-16, 19:47;16/07/2025;bronze
977467;3168312;1030969;10685989;26246824;4484480;80;active;2025-7-31, 17:45;31/07/2025;iron
974043;3168321;12299667;427399;26242579;4456429;36;active;2025-7-15, 20:19;15/07/2025;hero
974988;3168358;378745;1275880;26266953;4463097;20;active;2025-7-19, 17:11;19/07/2025;bronze
974068;3168380;12299765;10634510;26243042;4456647;26,99;active;2025-7-15, 23:08;15/07/2025;bronze
974391;3168430;7753717;4893110;26251881;4459219;43,15;active;2025-7-17, 08:02;17/07/2025;hero
974070;3168478;6455528;10153915;26243779;4456658;143,95;active;2025-7-15, 23:25;15/07/2025;bronze
974167;3168481;12300358;10467603;26243931;4457285;69,76;active;2025-7-16, 11:47;16/07/2025;silver
975100;3168517;12301344;10684443;26249718;4464653;143,37;active;2025-7-20, 21:55;20/07/2025;iron
974079;3168566;12301833;10145186;26244367;;1590;active;;;iron
974968;3168570;12292268;433374;26272008;4463008;21,5;active;2025-7-21, 09:23;21/07/2025;platinum
975477;3168653;12302705;5358190;26293176;4466995;233,72;active;2025-7-22, 06:52;22/07/2025;silver
974097;3168667;8610011;4651910;26245150;4459229;132;active;2025-7-17, 08:16;17/07/2025;hero
975215;3168769;4687839;5892932;26249379;4465329;157,63;active;2025-7-21, 12:24;21/07/2025;hero
976273;3168928;11761393;9152996;26299296;4473588;144,65;active;2025-7-25, 16:00;25/07/2025;hero
974282;3168931;12304341;4229819;26251459;4458085;100;active;2025-7-16, 17:28;16/07/2025;silver
977638;3168994;10612466;3855513;26248319;4481447;119,98;active;2025-7-30, 11:54;30/07/2025;hero
974236;3169008;3462215;4941048;26250059;4457624;35,92;active;2025-7-16, 15:11;16/07/2025;hero
974207;3169027;12302360;496838;;;36;reverted;;;hero
974208;3169042;12261632;9146709;26248938;;519,76;active;;;platinum
976361;3169081;12180949;2852184;26253166;4472353;28,98;active;2025-7-24, 19:16;24/07/2025;silver
974216;3169084;12305488;9545041;26249129;4457520;79,03;active;2025-7-16, 14:15;16/07/2025;hero
974221;3169111;12176051;163691;;;86,25;reverted;;;hero
975255;3169115;1542190;3124025;26283033;4465521;238,7;active;2025-7-21, 14:23;21/07/2025;gold
974275;3169170;12306044;8870031;26250357;4458033;71,91;active;2025-7-16, 17:06;16/07/2025;hero
976153;3169191;5301263;2852184;26250991;4471197;145,02;active;2025-7-24, 10:26;24/07/2025;silver
974392;3169205;4809935;10336149;26252203;4459228;17,98;active;2025-7-17, 09:32;17/07/2025;silver
974261;3169253;12306722;9110857;;;24;reverted;;;bronze
974537;3169304;12307096;3542012;26255926;4459900;24,48;active;2025-7-17, 16:03;17/07/2025;hero
974305;3169333;2407112;7646280;;4458557;27,31;reverted;2025-7-16, 18:52;16/07/2025;hero
974765;3169335;11832113;513834;26259814;4461532;26,97;active;2025-7-18, 14:13;18/07/2025;platinum
975147;3169354;596735;624844;26281916;4465033;78,81;active;2025-7-21, 09:31;21/07/2025;hero
974529;3169395;10219501;10483599;26259642;4459845;30;active;2025-7-17, 15:33;17/07/2025;bronze
976892;3169448;6145497;3306085;26253697;4476746;201,19;active;2025-7-27, 22:31;27/07/2025;hero
974410;3169454;2259510;2049888;26256546;4459346;85,94;active;2025-7-17, 10:20;17/07/2025;hero
974936;3169491;3023129;2405065;26270962;4462842;54,47;active;2025-7-19, 11:02;19/07/2025;silver
974340;3169535;12308883;4941048;26253214;4458716;43,1;active;2025-7-16, 20:48;16/07/2025;hero
974854;3169542;12308270;10631223;26262379;4462194;38,4;active;2025-7-18, 18:21;18/07/2025;iron
974911;3169596;7989082;5886564;26267597;;260,38;active;;;hero
975222;3169613;12308259;1022182;26262180;4466768;128;active;2025-7-22, 00:19;22/07/2025;gold
975290;3169619;12309452;10487151;26286372;4465663;64,7;active;2025-7-21, 15:28;21/07/2025;silver
974407;3169696;2091477;9484548;26254483;4459342;39,93;active;2025-7-17, 10:12;17/07/2025;silver
974997;3169739;4522034;7002994;26255743;4463483;200;active;2025-7-19, 18:47;19/07/2025;gold
977567;3169782;12311314;6156049;26356819;4483461;870;active;2025-7-31, 15:28;31/07/2025;platinum
976911;3169787;12311328;10229644;26319820;;32;active;;;iron
974394;3169823;12311569;7181172;26255252;4459235;35,92;active;2025-7-17, 08:28;17/07/2025;hero
974532;3169840;1407017;1631379;26259506;4459873;24;active;2025-7-17, 15:44;17/07/2025;silver
975256;3169855;7022342;10214426;26255638;4465533;63,37;active;2025-7-21, 14:29;21/07/2025;bronze
974961;3169894;11209036;7667896;26255962;4465411;21,5;active;2025-7-21, 13:26;21/07/2025;gold
976415;3169942;12312280;3095015;26320451;4477275;475,16;active;2025-7-28, 11:08;28/07/2025;hero
976494;3170002;7606491;1785841;26327622;4473200;135,4;active;2025-7-25, 12:50;25/07/2025;platinum
975135;3170086;484761;10209093;26281514;4464985;4,3;active;2025-7-21, 08:47;21/07/2025;bronze
974546;3170091;94333;10499045;26259300;4459997;21,32;active;2025-7-17, 17:08;17/07/2025;iron
974492;3170145;12313209;8804130;26258053;4459679;372,89;active;2025-7-17, 17:25;17/07/2025;gold
974472;3170184;12313236;324717;;;110,98;reverted;;;bronze
974473;3170213;7492316;9307655;26258545;;12;active;;;silver
974578;3170317;12314349;9146709;26260258;4460384;57,69;active;2025-7-17, 17:44;17/07/2025;platinum
977096;3170318;6539292;2372050;26328915;;4,76;active;;;iron
974551;3170350;10487115;163691;26260153;4459961;36,05;active;2025-7-17, 16:39;17/07/2025;hero
976578;3170366;3171324;10611888;26304598;4473617;15,8;active;2025-7-25, 16:18;25/07/2025;iron
975911;3170378;12196425;10487151;26260756;;86,6;active;;;silver
974539;3170389;12314848;513834;26260179;4459898;35,99;active;2025-7-17, 16:03;17/07/2025;platinum
976820;3170393;12314847;4856117;26260658;;215,65;active;;;iron
974555;3170441;12315092;4941048;26260691;4459970;67,78;active;2025-7-17, 16:53;17/07/2025;hero
975940;3170490;6208800;4208579;26293719;4469530;21,68;active;2025-7-23, 15:11;23/07/2025;iron
975424;3170547;431928;6709534;26261965;4466555;43,11;active;2025-7-21, 21:06;21/07/2025;hero
976261;3170572;12185764;6679058;26280327;;120;active;;;hero
978063;3170576;2654251;8312056;26380281;4483925;71,53;active;2025-7-31, 15:08;31/07/2025;bronze
975689;3170682;12316588;9647454;26263155;4468284;100,15;active;2025-7-22, 18:14;22/07/2025;platinum
975035;3170748;12291748;8871105;26267719;4463890;28,67;active;2025-7-20, 10:35;20/07/2025;iron
974861;3170782;12317192;6297461;26269815;4462231;199,92;active;2025-7-18, 18:49;18/07/2025;hero
976443;3170794;9126594;10158057;26326154;4473009;43,44;active;2025-7-25, 10:26;25/07/2025;bronze
978313;3170857;11902104;8778594;26382971;4485330;172,95;active;2025-8-1, 10:17;01/08/2025;iron
974644;3170876;12318117;10364175;26263383;4460852;11,53;active;2025-7-18, 00:51;18/07/2025;bronze
974659;3171021;9358832;2999147;26264280;4461013;24;active;2025-7-18, 05:52;18/07/2025;platinum
974812;3171046;12005500;9861534;26265458;4461707;125,48;active;2025-7-18, 16:01;18/07/2025;gold
974693;3171153;12320085;3908734;26265460;4461190;24,51;active;2025-7-18, 10:12;18/07/2025;bronze
975491;3171154;8134447;90997;26291997;4467072;44,83;active;2025-7-22, 09:26;22/07/2025;bronze
974998;3171182;12320193;9372283;26273915;4463485;160;active;2025-7-19, 18:56;19/07/2025;hero
974818;3171191;10201270;3095015;26266030;4461744;186,49;active;2025-7-18, 16:27;18/07/2025;hero
975411;3171201;11209435;7181172;26266872;4466440;73,6;active;2025-7-21, 19:56;21/07/2025;hero
975143;3171310;3584985;2895298;26267391;4465021;55,8;active;2025-7-21, 09:27;21/07/2025;bronze
975178;3171312;2658404;5855276;26283058;4465168;326,19;active;2025-7-21, 10:56;21/07/2025;gold
976488;3171317;9400080;6679058;26280317;4473181;120,38;active;2025-7-25, 12:41;25/07/2025;hero
974759;3171356;12321194;2860306;26267362;4461493;34,49;active;2025-7-18, 13:44;18/07/2025;hero
974950;3171358;12223836;384519;26268050;4462920;60,21;active;2025-7-19, 12:34;19/07/2025;hero
975599;3171438;8785006;10654519;26297650;4479629;261,6;active;2025-7-29, 13:17;29/07/2025;bronze
975314;3171441;11520581;3986883;26267835;4465732;192,97;active;2025-7-21, 16:02;21/07/2025;platinum
974825;3171482;12252500;2796918;26269012;4461768;28,58;active;2025-7-18, 17:37;18/07/2025;hero
974808;3171500;12262401;2274984;26268202;4461688;11,48;active;2025-7-18, 15:44;18/07/2025;silver
975266;3171541;1617408;429089;26276038;4465557;40,17;active;2025-7-21, 14:43;21/07/2025;gold
977627;3171555;3202076;8765446;26346779;4481392;13,99;active;2025-7-30, 11:15;30/07/2025;bronze
974834;3171576;4705937;10487151;26269022;4461801;78,59;active;2025-7-18, 17:15;18/07/2025;silver
975241;3171702;12305120;8375862;26285649;4465454;28;active;2025-7-21, 13:52;21/07/2025;hero
975823;3171711;8010073;5074324;26271662;4469062;48;active;2025-7-23, 13:41;23/07/2025;hero
975675;3171725;12323400;7040308;26288197;4467938;68;active;2025-7-22, 17:31;22/07/2025;silver
975278;3171729;2457564;928466;26271388;4465620;215,96;active;2025-7-21, 15:10;21/07/2025;gold
974899;3171778;12323846;9146709;26270658;;71,67;active;;;platinum
975055;3171863;12324481;2271106;26272717;;89,59;active;;;hero
975070;3171896;880128;10200193;26278182;4464139;420;active;2025-7-20, 16:59;20/07/2025;platinum
976379;3171936;11856906;2042216;26323300;4472500;1532,42;active;2025-7-24, 20:54;24/07/2025;platinum
974933;3172005;12325621;7523150;26272303;4462794;37,27;active;2025-7-19, 10:03;19/07/2025;hero
974935;3172054;6629745;9416530;26272316;4462813;25,8;active;2025-7-19, 10:27;19/07/2025;silver
975173;3172067;6372264;334730;26282782;4465155;186,89;active;2025-7-21, 10:54;21/07/2025;hero
975484;3172105;8929603;5249587;;;35,87;reverted;;;hero
976547;3172113;12326374;10361455;26278761;4473441;28,48;active;2025-7-25, 15:05;25/07/2025;bronze
975611;3172120;152828;50291;26298118;4467575;57,52;active;2025-7-22, 14:41;22/07/2025;hero
975087;3172138;3081740;152421;26273190;4464558;17,92;active;2025-7-20, 19:52;20/07/2025;hero
975213;3172142;3013497;9102386;26273386;4465311;12,91;active;2025-7-21, 12:16;21/07/2025;silver
975471;3172204;12326845;3858771;26288648;;21,98;active;;;bronze
974969;3172206;12293936;1601114;26273526;4462990;43;terminated_by_arbitration;2025-7-19, 14:35;19/07/2025;hero
974978;3172210;4276075;9627124;26273994;4463058;89,77;active;2025-7-19, 16:35;19/07/2025;silver
976400;3172239;9719682;3858771;26309452;4472853;335,35;active;2025-7-25, 05:09;25/07/2025;bronze
975965;3172284;2853516;2601198;26309855;4469650;168,63;active;2025-7-23, 16:01;23/07/2025;bronze
975384;3172302;12327749;7207;26277742;4466307;56,25;active;2025-7-21, 18:45;21/07/2025;silver
975057;3172418;12213277;757095;26277330;4464022;116;active;2025-7-20, 14:04;20/07/2025;hero
975020;3172458;12329027;9484548;26275630;4463778;86,01;active;2025-7-20, 02:11;20/07/2025;silver
976189;3172474;12329144;6709534;26285867;4471283;36,01;active;2025-7-24, 11:16;24/07/2025;hero
975451;3172510;12329703;8014094;26278897;4466702;48;terminated_by_arbitration;2025-7-21, 23:05;21/07/2025;bronze
975920;3172529;7504150;8504954;26302970;4469443;71,67;active;2025-7-23, 14:12;23/07/2025;iron
975476;3172557;12330121;10055231;26283185;;40;active;;;bronze
975054;3172571;3472453;8195231;26276456;4464017;25;active;2025-7-20, 13:57;20/07/2025;gold
975068;3172597;12330410;130804;26278127;4464125;172,02;active;2025-7-20, 16:43;20/07/2025;platinum
975046;3172731;12273499;530778;26277017;4463951;215,02;active;2025-7-20, 12:35;20/07/2025;hero
975499;3172738;12331394;9751713;26277155;;8;active;;;silver
975515;3172748;399434;9907027;26277502;4467191;40,38;active;2025-7-22, 10:48;22/07/2025;hero
975052;3172749;12331436;10580013;;;20;reverted;;;iron
975340;3172796;11527376;3061580;26277643;4465817;24;active;2025-7-21, 16:57;21/07/2025;gold
976084;3172816;3942225;6319824;26293350;4471844;262,8;active;2025-7-24, 16:42;24/07/2025;iron
975838;3172819;12331961;7242294;26278811;;186,35;active;;;bronze
975065;3172855;11950119;10416279;;;143,35;reverted;;;iron
976970;3172906;12332457;987517;26336604;4479239;114,82;active;2025-7-29, 09:27;29/07/2025;iron
975277;3172941;10547855;3855513;26286639;4465610;119,5;active;2025-7-21, 15:05;21/07/2025;hero
975097;3172994;717608;8778594;26279378;4464936;71,67;active;2025-7-21, 07:16;21/07/2025;iron
975090;3173030;12333554;10364175;26279188;4464590;11,47;active;2025-7-20, 20:49;20/07/2025;bronze
975099;3173058;12333719;705636;26279465;4464648;104;active;2025-7-20, 21:51;20/07/2025;hero
975983;3173069;8076455;9821875;26285105;;65,23;active;;;bronze
975621;3173086;12333932;301757;26294147;4467614;7,97;active;2025-7-22, 15:02;22/07/2025;iron
975697;3173133;2351932;4698097;;4468354;176,13;reverted;2025-7-22, 18:54;22/07/2025;hero
975531;3173196;7906817;8948735;26283164;4467260;28,69;active;2025-7-22, 11:33;22/07/2025;bronze
975144;3173203;12335037;4100145;;;128;reverted;;;silver
975216;3173203;12335037;44436;26280542;4465333;144;active;2025-7-21, 12:28;21/07/2025;silver
975609;3173255;12335485;7700096;26281149;4467603;93,35;active;2025-7-22, 14:55;22/07/2025;bronze
975263;3173297;12335740;1935902;26285664;4465551;35,99;active;2025-7-21, 14:41;21/07/2025;gold
975160;3173335;5342714;1748999;26281483;4465075;108,9;active;2025-7-21, 10:10;21/07/2025;silver
975807;3173418;12336356;1698073;26282217;;93,41;active;;;hero
977740;3173460;2112619;5606363;26366398;4481869;21,43;active;2025-7-30, 15:54;30/07/2025;hero
975179;3173461;12286486;4284168;26282616;4465175;129,52;active;2025-7-21, 14:44;21/07/2025;hero
976160;3173475;8061061;7220364;26316140;4471130;144,91;active;2025-7-24, 09:42;24/07/2025;hero
975909;3173516;12336790;2860306;26285969;4469411;34,64;active;2025-7-23, 13:58;23/07/2025;hero
976996;3173568;1312076;5322908;26289530;4477373;89,36;active;2025-7-28, 11:59;28/07/2025;platinum
975199;3173580;8715631;9900832;26283801;;17,21;active;;;gold
976592;3173617;1857653;3948858;26296761;4473683;192;active;2025-7-25, 17:00;25/07/2025;hero
976163;3173620;12199219;4024650;26284358;4471167;26,08;active;2025-7-24, 10:03;24/07/2025;bronze
975336;3173638;1203357;1423253;26287121;4467612;84,18;active;2025-7-22, 15:01;22/07/2025;bronze
975692;3173665;12337505;10145186;26284645;4468296;80,09;active;2025-7-22, 18:18;22/07/2025;iron
975600;3173668;3024205;10094562;26284996;4467527;21,6;active;2025-7-22, 14:12;22/07/2025;silver
975380;3173699;4234954;6299712;26286439;4466281;57,6;terminated_by_arbitration;2025-7-22, 14:32;22/07/2025;iron
977012;3173708;12337922;4100145;26290413;4477468;48;active;2025-7-28, 12:45;28/07/2025;silver
975365;3173712;1494444;1847839;26288636;4469061;99,19;active;2025-7-23, 10:28;23/07/2025;hero
975635;3173722;12338044;4682;26289950;4467700;96;active;2025-7-22, 15:40;22/07/2025;hero
976213;3173724;12338070;5871553;26302419;4471374;511,55;active;2025-7-24, 14:20;24/07/2025;hero
975323;3173759;12338375;10392056;26285754;4465771;10,07;active;2025-7-21, 16:30;21/07/2025;bronze
975702;3173760;4500762;3132871;26293757;4468332;35,93;active;2025-7-22, 18:41;22/07/2025;hero
975731;3173761;184335;10599664;26288181;4468491;33,06;active;2025-7-22, 20:37;22/07/2025;bronze
975533;3173769;4845793;4713490;26294115;4467277;14,34;active;2025-7-22, 11:33;22/07/2025;gold
975273;3173792;10196413;7523150;26286482;4465588;129,58;active;2025-7-21, 14:56;21/07/2025;hero
976460;3173793;4865561;7163540;26321021;4473089;21,67;active;2025-7-25, 11:27;25/07/2025;hero
975434;3173806;12338680;4651910;26288301;4466603;40;active;2025-7-21, 21:32;21/07/2025;hero
975426;3173851;12338810;2860306;26288633;4466563;34,49;active;2025-7-22, 15:18;22/07/2025;hero
975649;3173852;2859363;4274281;26296255;4467775;38,8;active;2025-7-22, 16:31;22/07/2025;platinum
976677;3174015;12339722;347884;;;18,71;reverted;;;hero
977373;3174015;12339722;347884;26359803;;225,86;active;;;hero
977509;3174057;5851161;8698689;26362570;4481267;192;active;2025-7-30, 14:09;30/07/2025;hero
975366;3174064;12339962;9534192;26289169;4466244;80;terminated_by_arbitration;2025-7-21, 17:58;21/07/2025;hero
977975;3174064;12339962;1120968;26374867;4483535;80,61;active;2025-7-31, 11:40;31/07/2025;hero
977132;3174069;202214;9343300;26288227;4477945;81,42;active;2025-7-28, 16:52;28/07/2025;gold
975368;3174121;11962821;9517123;26288997;4466247;49,88;active;2025-7-21, 18:00;21/07/2025;silver
975377;3174220;12340918;4378724;26289430;;201,26;active;;;bronze
977851;3174221;12264817;5619082;26368910;4483059;294;active;2025-7-31, 01:09;31/07/2025;hero
975395;3174271;11317015;6531181;26289830;4466369;14,37;active;2025-7-21, 19:10;21/07/2025;hero
977052;3174345;5602969;7924650;26308779;4477683;36;active;2025-7-28, 15:13;28/07/2025;gold
976094;3174437;12342345;150262;26303000;4470650;108,75;active;2025-7-23, 21:20;23/07/2025;hero
975524;3174466;5646103;6478653;26294757;4470387;4,59;active;2025-7-23, 18:44;23/07/2025;iron
975754;3174470;940104;10153915;26303041;4468628;86,23;active;2025-7-22, 22:31;22/07/2025;bronze
975556;3174503;117355;1281578;26293662;4467348;31,55;active;2025-7-22, 12:25;22/07/2025;bronze
975486;3174527;12343366;9849809;26292929;4467044;21,52;active;2025-7-22, 08:46;22/07/2025;silver
