id;user_id;type;accepted_bid_id;method;status;paid_on;created;gross_gmv
4434198;6718183;escrow;971058;mercado_pago;paid;2025-7-3, 10:31;2025-7-3, 10:30;115,41
4443038;11658461;escrow;972180;mercado_pago;paid;2025-7-8, 13:24;2025-7-8, 13:23;57,41
4440787;5436873;escrow;971859;mercado_pago;paid;2025-7-7, 13:07;2025-7-7, 13:03;229,8
4440780;434827;escrow;971856;mercado_pago;pending;;2025-7-7, 12:59;76,6
4440793;434827;escrow;971856;mercado_pago;paid;2025-7-7, 13:07;2025-7-7, 13:06;76,6
4434431;1638248;escrow;971111;paypal;paid;2025-7-3, 12:36;2025-7-3, 12:36;135,85
4434644;9566773;escrow;971148;mercado_pago;pending;;2025-7-3, 14:29;33,37
4434646;9566773;escrow;971148;mercado_pago;paid;2025-7-3, 14:31;2025-7-3, 14:29;33,37
4436623;2958177;escrow;971425;mercado_pago;pending;;2025-7-4, 14:34;57,95
4434896;593313;escrow;971195;mercado_pago;paid;2025-7-3, 16:51;2025-7-3, 16:50;193,01
4439105;11608509;escrow;971690;mercado_pago;paid;2025-7-6, 09:29;2025-7-6, 09:22;19,52
4437922;2324934;escrow;971566;mercado_pago;paid;2025-7-5, 09:46;2025-7-5, 09:45;96,37
4435440;10070449;escrow;971243;mercado_pago;paid;2025-7-3, 19:16;2025-7-3, 19:15;35,09
4471910;252716;escrow;976336;credit_card;paid;2025-7-24, 17:24;2025-7-24, 17:24;156,75
4459490;2031941;escrow;971551;mercado_pago;paid;2025-7-17, 11:38;2025-7-17, 11:37;59,91
4456952;12142266;escrow;972903;credit_card;paid;2025-7-16, 05:51;2025-7-16, 05:51;39,5
4465002;9919916;escrow;975140;mercado_pago;pending;;2025-7-21, 09:01;151,51
4465004;9919916;escrow;975140;mercado_pago;paid;2025-7-21, 09:05;2025-7-21, 09:02;151,51
4439346;10326463;escrow;971721;credit_card;paid;2025-7-6, 16:05;2025-7-6, 16:05;46,88
4440103;10326463;escrow;971761;credit_card;paid;2025-7-7, 01:07;2025-7-7, 01:06;73,15
4443041;10326463;escrow;972182;virtual_wallet;paid;2025-7-8, 13:27;2025-7-8, 13:27;78,59
4436711;11218830;escrow;971445;paypal;paid;2025-7-4, 15:35;2025-7-4, 15:34;188,1
4458717;7541341;escrow;974341;paypal;paid;2025-7-16, 20:48;2025-7-16, 20:47;104,5
4436446;11949916;escrow;971394;mercado_pago;paid;2025-7-4, 13:13;2025-7-4, 13:12;35,29
4440994;2460536;escrow;971905;mercado_pago;paid;2025-7-7, 14:57;2025-7-7, 14:55;123,83
4436861;12213148;escrow;971474;mercado_pago;paid;2025-7-4, 17:14;2025-7-4, 17:13;48,18
4440728;12158562;escrow;971845;mercado_pago;pending;;2025-7-7, 12:23;13,01
4440731;12158562;escrow;971845;mercado_pago;paid;2025-7-7, 12:27;2025-7-7, 12:24;13,01
4438876;12214253;escrow;971681;mercado_pago;pending;;2025-7-6, 01:17;33,35
4450599;12167960;escrow;973235;payu;pending;;2025-7-12, 13:33;96,64
4450601;12167960;escrow;973235;payu;pending;;2025-7-12, 13:34;96,64
4450602;12167960;escrow;973235;payu;paid;2025-7-12, 13:36;2025-7-12, 13:34;96,64
4465567;12215242;escrow;975269;mercado_pago;pending;;2025-7-21, 14:48;235,08
4465569;12215242;escrow;975269;mercado_pago;paid;2025-7-21, 16:06;2025-7-21, 14:48;235,08
4445336;8898492;escrow;972520;credit_card;pending;;2025-7-9, 15:41;342,49
4445337;8898492;escrow;972520;paypal;paid;2025-7-9, 15:42;2025-7-9, 15:41;342,49
4439193;3538267;escrow;971701;mercado_pago;pending;;2025-7-6, 12:17;27,82
4439194;3538267;escrow;971701;mercado_pago;paid;2025-7-6, 12:20;2025-7-6, 12:17;27,82
4438085;12216451;escrow;971604;credit_card;paid;2025-7-5, 13:28;2025-7-5, 13:28;209
4444367;7505134;escrow;972363;paypal;paid;2025-7-8, 22:51;2025-7-8, 22:51;157,26
4439393;9903622;escrow;971726;mercado_pago;paid;2025-7-6, 16:57;2025-7-6, 16:54;20,44
4438852;144992;escrow;971677;mercado_pago;paid;2025-7-6, 00:19;2025-7-6, 00:18;75,17
4445161;1453942;authorization;972483;credit_card;paid;2025-7-9, 13:43;2025-7-9, 13:43;0
4437878;140021;escrow;971555;virtual_wallet;paid;2025-7-5, 08:26;2025-7-5, 08:26;77,1
4437934;7329564;escrow;971568;paypal;paid;2025-7-5, 10:21;2025-7-5, 10:21;104,5
4443423;12219149;escrow;972255;mercado_pago;pending;;2025-7-8, 16:30;71,92
4443425;12219149;escrow;972255;mercado_pago;paid;2025-7-8, 16:36;2025-7-8, 16:30;71,92
4480589;12219149;escrow;977516;mercado_pago;paid;2025-7-29, 19:38;2025-7-29, 19:36;93,66
4482620;12219149;escrow;977805;virtual_wallet;paid;2025-7-30, 18:50;2025-7-30, 18:50;61,85
4440690;3808112;escrow;971842;mercado_pago;paid;2025-7-7, 12:11;2025-7-7, 12:08;72,89
4442434;3256771;escrow;972054;astropay;pending;;2025-7-8, 04:49;556,46
4442435;3256771;escrow;972054;paypal;pending;;2025-7-8, 04:49;522,5
4442436;3256771;escrow;972054;credit_card;pending;;2025-7-8, 04:54;522,5
4442640;3256771;escrow;972054;credit_card;pending;;2025-7-8, 10:04;522,5
4442647;3256771;escrow;972054;credit_card;pending;;2025-7-8, 10:07;522,5
4442651;3256771;escrow;972054;credit_card;pending;;2025-7-8, 10:10;522,5
4442674;3256771;escrow;972054;astropay;pending;;2025-7-8, 10:19;556,46
4442679;3256771;escrow;972054;credit_card;paid;2025-7-8, 10:22;2025-7-8, 10:22;522,5
4447173;2153119;escrow;972755;mercado_pago;paid;2025-7-10, 12:35;2025-7-10, 12:31;188,34
4438711;682232;escrow;971663;credit_card;paid;2025-7-5, 20:35;2025-7-5, 20:35;511,82
4438634;2758303;escrow;971647;virtual_wallet;paid;2025-7-5, 18:32;2025-7-5, 18:32;96,37
4447631;12009888;escrow;972855;payu;pending;;2025-7-10, 16:42;196,56
4459935;10394011;escrow;974547;mercado_pago;pending;;2025-7-17, 16:27;67,7
4460009;10394011;escrow;974547;mercado_pago;pending;;2025-7-17, 17:11;67,82
4460010;10394011;escrow;974547;mercado_pago;paid;2025-7-17, 17:13;2025-7-17, 17:13;67,82
4484856;9284540;escrow;978222;credit_card;paid;2025-7-31, 22:19;2025-7-31, 22:19;156,72
4449405;120581;escrow;973136;credit_card;paid;2025-7-11, 17:12;2025-7-11, 17:12;149,26
4477872;4912166;escrow;976978;mercado_pago;paid;2025-7-28, 16:17;2025-7-28, 16:13;52,27
4443263;12225981;escrow;972227;credit_card;paid;2025-7-8, 15:12;2025-7-8, 15:12;46,79
4440346;12226064;escrow;971782;mercado_pago;pending;;2025-7-7, 08:18;96,39
4440348;12226064;escrow;971782;mercado_pago;paid;2025-7-7, 08:24;2025-7-7, 08:22;96,39
4440450;12226569;escrow;971751;mercado_pago;paid;2025-7-7, 10:09;2025-7-7, 10:06;57,82
4452470;11827439;escrow;973418;paypal;paid;2025-7-13, 22:23;2025-7-13, 22:23;32
4448296;4711798;escrow;972920;mercado_pago;paid;2025-7-10, 20:54;2025-7-10, 20:53;62,33
4440321;504761;escrow;971779;credit_card;paid;2025-7-7, 07:33;2025-7-7, 07:32;69,56
4444716;5592789;escrow;972161;mercado_pago;paid;2025-7-9, 08:05;2025-7-9, 08:04;86,22
4446449;11950432;escrow;972099;paypal;pending;;2025-7-10, 00:12;1428,17
4460651;10393035;escrow;974630;mercado_pago;paid;2025-7-17, 20:59;2025-7-17, 20:57;75,33
4445562;4100167;escrow;972549;mercado_pago;paid;2025-7-9, 16:50;2025-7-9, 16:49;266,63
4440777;12231125;escrow;971853;credit_card;paid;2025-7-7, 12:58;2025-7-7, 12:58;160,8
4459848;12231309;escrow;974520;credit_card;paid;2025-7-17, 15:34;2025-7-17, 15:34;111,3
4441060;10710069;escrow;971915;mercado_pago;paid;2025-7-7, 15:27;2025-7-7, 15:26;47,63
4443526;12232187;escrow;972279;paypal;paid;2025-7-8, 17:17;2025-7-8, 17:16;84,27
4440988;12232437;escrow;971901;mercado_pago;paid;2025-7-7, 14:51;2025-7-7, 14:51;17,5
4440984;8772969;escrow;971899;credit_card;paid;2025-7-7, 14:49;2025-7-7, 14:49;55,81
4448833;6231883;escrow;973001;mercado_pago;paid;2025-7-11, 10:20;2025-7-11, 10:04;94,46
4440983;6403064;escrow;971900;mercado_pago;paid;2025-7-7, 14:50;2025-7-7, 14:49;15,67
4448921;2056214;escrow;973021;credit_card;paid;2025-7-11, 11:19;2025-7-11, 11:19;313,51
4441793;12233569;escrow;971996;mercado_pago;paid;2025-7-7, 18:55;2025-7-7, 18:55;38,46
4443543;9947303;escrow;972282;credit_card;paid;2025-7-8, 17:25;2025-7-8, 17:25;19,21
4449300;201574;escrow;973114;mercado_pago;pending;;2025-7-11, 16:04;74,34
4449301;201574;escrow;973114;mercado_pago;pending;;2025-7-11, 16:04;74,34
4449302;201574;escrow;973114;mercado_pago;pending;;2025-7-11, 16:04;74,34
4449304;201574;escrow;973114;mercado_pago;pending;;2025-7-11, 16:04;74,34
4449305;201574;escrow;973114;mercado_pago;pending;;2025-7-11, 16:04;74,34
4449306;201574;escrow;973114;paypal;paid;2025-7-11, 16:05;2025-7-11, 16:05;74,34
4441861;11341355;escrow;972000;paypal;paid;2025-7-7, 20:06;2025-7-7, 19:22;1567,5
4469645;11882448;escrow;975107;credit_card;pending;;2025-7-23, 15:57;321,02
4469647;11882448;escrow;975107;credit_card;paid;2025-7-23, 15:58;2025-7-23, 15:58;321,02
4441688;12234875;escrow;971971;mercado_pago;paid;2025-7-7, 17:58;2025-7-7, 17:56;38,51
4441836;160344;escrow;971998;paypal;paid;2025-7-7, 19:04;2025-7-7, 19:03;171,47
4443221;7763418;escrow;972219;mercado_pago;paid;2025-7-8, 14:51;2025-7-8, 14:50;191,21
4444926;12234894;escrow;972438;mercado_pago;pending;;2025-7-9, 11:35;187,3
4444948;12234894;escrow;972438;mercado_pago;paid;2025-7-9, 11:45;2025-7-9, 11:44;187,3
4443216;12235566;escrow;972218;mercado_pago;pending;;2025-7-8, 14:49;332,21
4447077;12235566;escrow;972218;mercado_pago;paid;2025-7-10, 13:35;2025-7-10, 11:32;325,62
4441962;1334548;escrow;972016;mercado_pago;paid;2025-7-7, 20:37;2025-7-7, 20:35;47,63
4449780;495676;escrow;973150;credit_card;paid;2025-7-11, 17:54;2025-7-11, 17:54;32,75
4457155;12236578;escrow;974133;mercado_pago;paid;2025-7-16, 11:00;2025-7-16, 10:22;149,93
4443159;12236810;escrow;972209;mercado_pago;pending;;2025-7-8, 14:27;358,75
4443160;12236810;escrow;972209;mercado_pago;pending;;2025-7-8, 14:27;358,75
4443161;12236810;escrow;972209;mercado_pago;pending;;2025-7-8, 14:28;358,75
4443162;12236810;escrow;972209;mercado_pago;pending;;2025-7-8, 14:28;358,75
4443168;12236810;escrow;972209;mercado_pago;pending;;2025-7-8, 14:31;358,75
4443169;12236810;escrow;972209;mercado_pago;pending;;2025-7-8, 14:31;358,75
4443171;12236810;escrow;972209;mercado_pago;paid;2025-7-8, 14:37;2025-7-8, 14:32;358,75
4448787;2332997;escrow;972989;paypal;paid;2025-7-11, 09:17;2025-7-11, 09:16;783,75
4445368;6423439;escrow;972528;credit_card;pending;;2025-7-9, 15:59;68,25
4445371;6423439;escrow;972528;credit_card;paid;2025-7-9, 16:00;2025-7-9, 16:00;65,31
446822;972082;validation;972082;credit_card;paid;2017-11-13, 18:51;2017-11-13, 18:51;0
4442511;655135;escrow;972082;mercado_pago;paid;2025-7-8, 08:14;2025-7-8, 08:14;93,27
4468331;9682004;escrow;975701;mercado_pago;paid;2025-7-22, 18:39;2025-7-22, 18:39;82,14
4442905;12239927;escrow;972160;mercado_pago;paid;2025-7-8, 12:32;2025-7-8, 12:30;72,81
4442686;9060982;escrow;972116;mercado_pago;paid;2025-7-8, 10:27;2025-7-8, 10:26;57,11
4444987;2184451;escrow;972448;mercado_pago;pending;;2025-7-9, 12:04;38,61
4444988;2184451;escrow;972448;mercado_pago;paid;2025-7-9, 12:13;2025-7-9, 12:04;38,61
4443072;9205267;escrow;972188;credit_card;paid;2025-7-8, 13:42;2025-7-8, 13:42;106,99
4442844;12153468;escrow;972150;credit_card;paid;2025-7-8, 11:58;2025-7-8, 11:58;40,62
4455453;9004113;escrow;973912;paypal;paid;2025-7-15, 14:20;2025-7-15, 14:20;321,28
4445254;876891;escrow;972501;credit_card;paid;2025-7-9, 14:40;2025-7-9, 14:40;104,5
4443287;234042;escrow;972232;paypal;pending;;2025-7-8, 15:23;66,92
4443290;234042;escrow;972232;mercado_pago;paid;2025-7-8, 15:25;2025-7-8, 15:23;66,92
4442938;1638248;escrow;972167;paypal;paid;2025-7-8, 12:44;2025-7-8, 12:44;62,7
4443029;12241666;escrow;972177;mercado_pago;pending;;2025-7-8, 13:18;167,45
4443034;12241666;escrow;972177;mercado_pago;paid;2025-7-8, 13:21;2025-7-8, 13:20;167,45
4443996;10047704;escrow;972313;mercado_pago;paid;2025-7-8, 18:48;2025-7-8, 18:45;76,74
4453653;12241997;escrow;973175;credit_card;paid;2025-7-14, 16:53;2025-7-14, 16:53;174,12
4471274;11987023;escrow;976190;mercado_pago;paid;2025-7-24, 11:24;2025-7-24, 11:14;472,05
4457256;2500080;escrow;974161;mercado_pago;paid;2025-7-16, 11:34;2025-7-16, 11:33;308,73
4443190;11909810;escrow;972214;mercado_pago;paid;2025-7-8, 14:40;2025-7-8, 14:38;25,8
4447253;3666622;escrow;972768;mercado_pago;paid;2025-7-10, 13:21;2025-7-10, 13:17;127,69
4443291;11622654;escrow;972233;mercado_pago;paid;2025-7-8, 18:21;2025-7-8, 15:24;95,41
4455754;1132759;escrow;973986;mercado_pago;pending;;2025-7-15, 16:45;244,29
4457815;1132759;escrow;973986;mercado_pago;pending;;2025-7-16, 16:29;244,39
4467686;1132759;escrow;973986;mercado_pago;pending;;2025-7-22, 15:32;244,11
4467693;1132759;escrow;973986;mercado_pago;pending;;2025-7-22, 15:34;244,11
4467695;1132759;escrow;973986;mercado_pago;paid;2025-7-22, 15:43;2025-7-22, 15:34;244,11
4467349;3061517;escrow;975557;mercado_pago;paid;2025-7-22, 12:37;2025-7-22, 12:25;243,49
4443349;12043561;escrow;972245;mercado_pago;paid;2025-7-8, 15:53;2025-7-8, 15:52;47,95
4443868;8974352;escrow;972286;mercado_pago;paid;2025-7-8, 17:39;2025-7-8, 17:38;15,79
4444910;9841007;escrow;972431;mercado_pago;pending;;2025-7-9, 11:27;47,78
4444925;9841007;escrow;972431;mercado_pago;paid;2025-7-9, 11:35;2025-7-9, 11:34;47,78
4451207;12244493;escrow;973296;credit_card;paid;2025-7-12, 19:18;2025-7-12, 19:18;13,73
4482703;12245502;escrow;977813;mercado_pago;paid;2025-7-30, 19:44;2025-7-30, 19:43;309,19
4460627;8277356;escrow;974626;mercado_pago;pending;;2025-7-17, 20:39;38,04
4460630;8277356;escrow;974626;mercado_pago;pending;;2025-7-17, 20:40;38,04
4460631;8277356;escrow;974626;mercado_pago;paid;2025-7-17, 20:48;2025-7-17, 20:40;38,04
4447560;12245821;escrow;972839;mercado_pago;paid;2025-7-10, 16:05;2025-7-10, 16:02;188
4446847;8666405;escrow;972684;mercado_pago;paid;2025-7-10, 09:44;2025-7-10, 09:43;78,61
4445146;12246514;escrow;972477;mercado_pago;pending;;2025-7-9, 13:35;47,17
4445191;12246514;escrow;972477;mercado_pago;paid;2025-7-9, 14:07;2025-7-9, 14:04;47,29
4444327;12246613;escrow;972357;mercado_pago;paid;2025-7-8, 22:19;2025-7-8, 22:17;12,09
4444473;12247166;escrow;972378;mercado_pago;pending;;2025-7-9, 00:54;172,61
4444474;12247166;escrow;972378;mercado_pago;paid;2025-7-9, 00:56;2025-7-9, 00:55;172,61
4446112;12216127;escrow;972595;mercado_pago;pending;;2025-7-9, 18:56;599,53
4447108;12216127;escrow;972595;mercado_pago;pending;;2025-7-10, 11:52;602,73
4447109;12216127;escrow;972595;mercado_pago;pending;;2025-7-10, 11:52;602,73
4447110;12216127;escrow;972595;mercado_pago;pending;;2025-7-10, 11:53;602,73
4449331;12216127;escrow;972595;mercado_pago;pending;;2025-7-11, 16:22;602,23
4449332;12216127;escrow;972595;mercado_pago;pending;;2025-7-11, 16:23;602,23
4449339;12216127;escrow;972595;paypal;pending;;2025-7-11, 16:26;602,23
4449350;12216127;escrow;972595;mercado_pago;pending;;2025-7-11, 16:36;602,23
4449360;12216127;escrow;972595;mercado_pago;pending;;2025-7-11, 16:44;602,23
4449364;12216127;escrow;972595;mercado_pago;pending;;2025-7-11, 16:49;602,8
4449365;12216127;escrow;972595;mercado_pago;paid;2025-7-11, 16:51;2025-7-11, 16:49;602,8
4452807;5136490;escrow;973465;credit_card;pending;;2025-7-14, 08:55;107,01
4457043;5136490;escrow;973465;credit_card;paid;2025-7-16, 08:56;2025-7-16, 08:56;107,01
4444682;12248344;escrow;972388;credit_card;paid;2025-7-9, 06:31;2025-7-9, 06:31;42
4445290;4993322;escrow;972401;mercado_pago;paid;2025-7-9, 15:16;2025-7-9, 15:15;24,01
4458803;4993322;escrow;974353;mercado_pago;paid;2025-7-16, 21:47;2025-7-16, 21:46;93,85
4447178;8745877;escrow;972759;mercado_pago;paid;2025-7-10, 12:36;2025-7-10, 12:35;50,85
4444913;8443898;escrow;972429;mercado_pago;paid;2025-7-9, 11:30;2025-7-9, 11:28;76,45
4447259;8803893;escrow;972769;mercado_pago;paid;2025-7-10, 13:24;2025-7-10, 13:23;68,91
4447638;11981649;escrow;972858;mercado_pago;pending;;2025-7-10, 16:51;47,07
4447639;11981649;escrow;972858;mercado_pago;pending;;2025-7-10, 16:51;47,07
4447640;11981649;escrow;972858;mercado_pago;paid;2025-7-10, 16:52;2025-7-10, 16:51;47,07
4444916;9731385;escrow;972434;mercado_pago;pending;;2025-7-9, 11:29;156,72
4444917;9731385;escrow;972434;mercado_pago;paid;2025-7-9, 11:32;2025-7-9, 11:29;156,72
4485685;787359;escrow;978376;paypal;paid;2025-8-1, 13:47;2025-8-1, 13:47;95,87
4444950;12249459;escrow;972440;mercado_pago;paid;2025-7-9, 11:45;2025-7-9, 11:44;29,43
4444953;12249528;escrow;972441;mercado_pago;pending;;2025-7-9, 11:46;105,12
4446047;7338369;escrow;972575;mercado_pago;pending;;2025-7-9, 18:05;265,88
4446048;7338369;escrow;972575;mercado_pago;pending;;2025-7-9, 18:05;265,88
4446050;7338369;escrow;972575;mercado_pago;paid;2025-7-9, 18:07;2025-7-9, 18:05;265,88
4458634;12242432;escrow;974314;mercado_pago;paid;2025-7-16, 20:06;2025-7-16, 19:34;103,2
4445251;11988140;escrow;972500;credit_card;paid;2025-7-9, 14:39;2025-7-9, 14:39;37,84
4460587;4489511;escrow;974619;paypal;paid;2025-7-17, 19:57;2025-7-17, 19:56;100,51
4445094;6777325;escrow;972465;mercado_pago;paid;2025-7-9, 13:09;2025-7-9, 13:08;20,28
4446983;8967035;escrow;972715;mercado_pago;pending;;2025-7-10, 10:51;33,28
4446984;8967035;escrow;972715;mercado_pago;paid;2025-7-10, 10:52;2025-7-10, 10:51;33,28
4445127;12250313;escrow;972475;mercado_pago;paid;2025-7-9, 13:26;2025-7-9, 13:24;156,61
4448822;8772969;escrow;972999;credit_card;paid;2025-7-11, 09:54;2025-7-11, 09:54;82,19
4445267;11437251;escrow;972503;paypal;paid;2025-7-9, 14:55;2025-7-9, 14:54;97,78
4449860;10100520;escrow;973161;mercado_pago;pending;;2025-7-11, 18:49;82,25
4449862;10100520;escrow;973161;mercado_pago;paid;2025-7-11, 18:50;2025-7-11, 18:49;82,25
4446095;11462194;escrow;972591;virtual_wallet;paid;2025-7-9, 18:41;2025-7-9, 18:41;20,17
4446985;7898877;escrow;972716;paypal;paid;2025-7-10, 10:51;2025-7-10, 10:51;125,4
4448838;12252278;escrow;973002;mercado_pago;paid;2025-7-11, 10:07;2025-7-11, 10:07;18,27
4445515;4156101;escrow;972544;credit_card;paid;2025-7-9, 16:42;2025-7-9, 16:42;115,33
4446183;5729103;escrow;972604;mercado_pago;paid;2025-7-9, 19:50;2025-7-9, 19:48;168,62
4445986;2638726;escrow;972563;mercado_pago;paid;2025-7-9, 17:37;2025-7-9, 17:34;53,33
4446882;11993772;escrow;972696;mercado_pago;paid;2025-7-10, 10:01;2025-7-10, 10:00;19,88
447821;972981;validation;972981;credit_card;paid;2017-11-14, 18:36;2017-11-14, 18:36;0
4448763;10326463;escrow;972981;virtual_wallet;paid;2025-7-11, 08:41;2025-7-11, 08:41;37
4448258;8538359;escrow;972911;mercado_pago;pending;;2025-7-10, 20:24;70,84
4448260;8538359;escrow;972911;mercado_pago;pending;;2025-7-10, 20:24;70,84
4448261;8538359;escrow;972911;mercado_pago;pending;;2025-7-10, 20:24;70,84
4448267;8538359;escrow;972911;mercado_pago;pending;;2025-7-10, 20:27;70,84
4448268;8538359;escrow;972911;mercado_pago;paid;2025-7-10, 20:27;2025-7-10, 20:27;70,84
4450743;6975945;escrow;973267;mercado_pago;paid;2025-7-12, 16:14;2025-7-12, 16:13;103,93
4446502;12254319;escrow;972650;mercado_pago;paid;2025-7-10, 01:25;2025-7-10, 01:22;642,99
4446304;12254474;escrow;972620;mercado_pago;refunded;2025-7-9, 21:35;2025-7-9, 21:33;112,32
4455774;12254703;escrow;973990;mercado_pago;pending;;2025-7-15, 16:57;469,78
4456454;12254703;escrow;973990;mercado_pago;pending;;2025-7-15, 20:40;470,16
4456596;12254703;escrow;973990;mercado_pago;paid;2025-7-15, 22:17;2025-7-15, 22:16;470,14
4446814;12254778;escrow;972683;mercado_pago;pending;;2025-7-10, 09:26;52,41
4446820;12254778;escrow;972683;mercado_pago;pending;;2025-7-10, 09:27;52,41
4446821;12254778;escrow;972683;mercado_pago;pending;;2025-7-10, 09:27;52,41
4446822;12254778;escrow;972683;mercado_pago;pending;;2025-7-10, 09:27;52,41
4451420;2086564;escrow;973328;paypal;paid;2025-7-13, 01:22;2025-7-13, 01:21;224,72
4451235;50990;escrow;973305;paypal;paid;2025-7-12, 19:58;2025-7-12, 19:58;32,72
4451527;1973650;escrow;973330;virtual_wallet;paid;2025-7-13, 02:36;2025-7-13, 02:36;42
4447582;2271298;escrow;972844;credit_card;paid;2025-7-10, 16:14;2025-7-10, 16:14;62,7
4448768;1642451;escrow;972982;paypal;pending;;2025-7-11, 08:48;32
4448769;1642451;escrow;972982;credit_card;paid;2025-7-11, 08:50;2025-7-11, 08:49;32
4454602;4891137;escrow;973759;mercado_pago;paid;2025-7-14, 23:16;2025-7-14, 23:15;30,09
4446941;12063492;escrow;972708;paypal;pending;;2025-7-10, 10:31;1072,27
4446952;12063492;escrow;972708;credit_card;paid;2025-7-10, 10:35;2025-7-10, 10:35;1072,27
4480786;4834858;escrow;977546;mercado_pago;pending;;2025-7-29, 22:28;659,48
4481219;4834858;escrow;977546;mercado_pago;pending;;2025-7-30, 09:36;658,55
4481220;4834858;escrow;977546;mercado_pago;pending;;2025-7-30, 09:36;658,55
4481221;4834858;escrow;977546;paypal;pending;;2025-7-30, 09:36;658,55
4481222;4834858;escrow;977546;mercado_pago;pending;;2025-7-30, 09:37;658,55
4481224;4834858;escrow;977546;mercado_pago;pending;;2025-7-30, 09:39;658,55
4481225;4834858;escrow;977546;mercado_pago;paid;2025-7-30, 09:47;2025-7-30, 09:39;659,52
4447035;10470732;escrow;972727;mercado_pago;pending;;2025-7-10, 11:16;28,9
4447294;10470732;escrow;972727;mercado_pago;paid;2025-7-10, 13:41;2025-7-10, 13:39;29,1
4452893;4162333;escrow;973482;credit_card;pending;;2025-7-14, 10:24;52,17
4452895;4162333;escrow;973482;credit_card;paid;2025-7-14, 10:25;2025-7-14, 10:25;52,17
4447655;12258380;escrow;972863;mercado_pago;pending;;2025-7-10, 17:03;27,23
4447656;12258380;escrow;972863;mercado_pago;pending;;2025-7-10, 17:03;27,23
4447657;12258380;escrow;972863;mercado_pago;paid;2025-7-10, 17:04;2025-7-10, 17:03;27,23
4453351;12258431;escrow;973579;mercado_pago;pending;;2025-7-14, 14:11;224,95
4454172;12258431;escrow;973579;mercado_pago;paid;2025-7-14, 18:52;2025-7-14, 18:48;224,5
4480550;10844894;escrow;977508;mercado_pago;pending;;2025-7-29, 19:05;93,74
4480568;10844894;escrow;977508;mercado_pago;paid;2025-7-29, 19:31;2025-7-29, 19:21;93,74
4471793;12258621;escrow;976313;mercado_pago;paid;2025-7-24, 16:06;2025-7-24, 16:04;47,31
4448374;5032615;escrow;972931;virtual_wallet;paid;2025-7-10, 22:10;2025-7-10, 22:10;56,64
4448916;3462215;escrow;973020;mercado_pago;paid;2025-7-11, 11:16;2025-7-11, 11:15;37,89
4447246;4604918;escrow;972767;mercado_pago;refunded;2025-7-10, 13:15;2025-7-10, 13:14;37,86
4450118;5187593;escrow;972842;paypal;pending;;2025-7-11, 22:43;51,12
4462423;5187593;escrow;974885;paypal;paid;2025-7-18, 21:14;2025-7-18, 20:41;78,38
4447610;10458993;authorization;972847;credit_card;paid;2025-7-10, 16:29;2025-7-10, 16:29;0
4455510;2056214;escrow;973923;credit_card;paid;2025-7-15, 14:39;2025-7-15, 14:39;49,19
4459290;4737038;escrow;974400;mercado_pago;paid;2025-7-17, 09:32;2025-7-17, 09:31;37,91
4453334;373099;escrow;973576;paypal;paid;2025-7-15, 21:37;2025-7-14, 14:05;768,16
4447697;12260390;escrow;972872;mercado_pago;paid;2025-7-10, 17:29;2025-7-10, 17:28;23,62
4455680;1083360;escrow;973968;mercado_pago;paid;2025-7-15, 15:59;2025-7-15, 15:57;74,95
4455367;6967145;escrow;973899;mercado_pago;paid;2025-7-15, 13:35;2025-7-15, 13:34;93,85
4447658;7157216;escrow;972864;mercado_pago;paid;2025-7-10, 17:05;2025-7-10, 17:04;20,02
4453130;9145930;escrow;973534;credit_card;paid;2025-7-14, 12:34;2025-7-14, 12:34;272,92
4452847;12259742;escrow;973473;mercado_pago;paid;2025-7-14, 09:47;2025-7-14, 09:45;263,14
4448881;10454440;escrow;973013;mercado_pago;paid;2025-7-11, 10:50;2025-7-11, 10:49;281,3
4460374;12261813;escrow;974577;mercado_pago;paid;2025-7-17, 17:38;2025-7-17, 17:36;13,36
2397143;973045;validation;973045;credit_card;paid;2022-3-16, 09:43;2022-3-16, 09:43;0
4449021;1308550;escrow;973045;mercado_pago;paid;2025-7-11, 12:47;2025-7-11, 12:45;65,47
4448080;717508;escrow;972882;mercado_pago;paid;2025-7-10, 18:09;2025-7-10, 18:08;124,46
4451837;12262401;escrow;973369;mercado_pago;paid;2025-7-13, 15:18;2025-7-13, 15:18;16,39
4448208;7509086;escrow;972902;mercado_pago;paid;2025-7-10, 19:35;2025-7-10, 19:34;113,29
4449150;5774870;escrow;973072;mercado_pago;pending;;2025-7-11, 14:24;56,06
4449151;5774870;escrow;973072;mercado_pago;pending;;2025-7-11, 14:24;56,06
4449153;5774870;escrow;973072;mercado_pago;paid;2025-7-11, 14:26;2025-7-11, 14:25;56,06
4455017;8853617;escrow;973811;mercado_pago;paid;2025-7-15, 10:09;2025-7-15, 10:08;56,09
4450182;12263619;escrow;973202;paypal;pending;;2025-7-12, 00:39;33,69
4474945;9061684;escrow;976740;mercado_pago;pending;;2025-7-26, 14:37;73,24
4474948;9061684;escrow;976740;mercado_pago;pending;;2025-7-26, 14:40;73,24
4474949;9061684;escrow;976740;mercado_pago;pending;;2025-7-26, 14:40;73,24
4474950;9061684;escrow;976740;mercado_pago;pending;;2025-7-26, 14:41;73,24
4476137;9061684;escrow;976740;mercado_pago;paid;2025-7-27, 15:32;2025-7-27, 15:31;73,24
4458627;148853;authorization;974313;credit_card;pending;;2025-7-16, 19:26;0
4448620;9731144;escrow;972956;mercado_pago;paid;2025-7-11, 01:58;2025-7-11, 01:57;62,33
4449083;12265558;escrow;973060;credit_card;paid;2025-7-11, 13:42;2025-7-11, 13:42;39,5
4450380;12265817;escrow;973209;credit_card;pending;;2025-7-12, 07:15;66,88
4450382;12265817;escrow;973209;credit_card;pending;;2025-7-12, 07:17;66,88
4450642;12265817;escrow;973209;virtual_wallet;paid;2025-7-12, 14:14;2025-7-12, 14:14;66,88
4448876;5414614;escrow;973012;mercado_pago;pending;;2025-7-11, 10:45;75,57
4449023;5414614;escrow;973012;mercado_pago;paid;2025-7-11, 12:47;2025-7-11, 12:46;74,82
4455454;5414614;escrow;973914;virtual_wallet;paid;2025-7-15, 14:20;2025-7-15, 14:20;37,72
4448850;6208800;escrow;973008;mercado_pago;paid;2025-7-11, 10:22;2025-7-11, 10:21;62,35
4449378;884771;escrow;973134;mercado_pago;paid;2025-7-11, 16:58;2025-7-11, 16:56;75,35
4455752;11688248;escrow;973985;mercado_pago;pending;;2025-7-15, 16:44;682,12
4461351;11688248;escrow;974721;mercado_pago;pending;;2025-7-18, 12:15;597,18
4461354;11688248;escrow;974721;mercado_pago;pending;;2025-7-18, 12:16;597,18
4461356;11688248;escrow;974721;mercado_pago;pending;;2025-7-18, 12:16;597,18
4461363;11688248;escrow;974721;mercado_pago;pending;;2025-7-18, 12:19;597,18
4465181;11688248;escrow;974721;mercado_pago;paid;2025-7-21, 11:31;2025-7-21, 10:58;594,04
4457524;10665887;escrow;974218;mercado_pago;paid;2025-7-16, 14:18;2025-7-16, 14:14;187,42
4454080;12147647;escrow;973678;mercado_pago;paid;2025-7-14, 17:57;2025-7-14, 17:55;524
4451315;813335;escrow;973318;credit_card;paid;2025-7-12, 21:47;2025-7-12, 21:47;27,36
4448992;12266754;escrow;973037;mercado_pago;paid;2025-7-11, 12:22;2025-7-11, 12:20;46,21
4453512;9696810;escrow;973625;mercado_pago;paid;2025-7-14, 15:35;2025-7-14, 15:34;525,28
4450410;8975578;escrow;973213;mercado_pago;pending;;2025-7-12, 08:56;1090,09
4449357;10072905;escrow;973133;mercado_pago;paid;2025-7-11, 16:45;2025-7-11, 16:40;75,28
4453453;12228581;escrow;973601;credit_card;paid;2025-7-14, 15:03;2025-7-14, 15:03;212,74
4454820;11686360;escrow;973774;paypal;paid;2025-7-15, 05:39;2025-7-15, 03:29;853,48
4451727;917513;escrow;973350;mercado_pago;pending;;2025-7-13, 12:40;319,51
4451730;917513;escrow;973350;mercado_pago;paid;2025-7-13, 12:44;2025-7-13, 12:42;319,51
448100;975696;validation;975696;credit_card;paid;2017-11-15, 12:35;2017-11-15, 12:35;0
4450526;12245513;escrow;973230;mercado_pago;paid;2025-7-12, 12:01;2025-7-12, 12:00;37,97
4450683;543248;escrow;973247;paypal;paid;2025-7-12, 14:57;2025-7-12, 14:55;62,7
4449232;1520179;escrow;973093;mercado_pago;paid;2025-7-11, 15:21;2025-7-11, 15:20;16,38
4449419;12268728;escrow;973141;mercado_pago;paid;2025-7-11, 17:31;2025-7-11, 17:28;38,05
4449835;3220255;escrow;973156;mercado_pago;pending;;2025-7-11, 18:30;32,72
4449836;3220255;escrow;973156;mercado_pago;paid;2025-7-11, 18:32;2025-7-11, 18:31;32,72
4453691;8213652;escrow;973651;mercado_pago;pending;;2025-7-14, 17:16;280,71
4454960;8213652;escrow;973651;mercado_pago;paid;2025-7-15, 09:15;2025-7-15, 09:14;280,45
4452829;7953634;escrow;973232;mercado_pago;paid;2025-7-14, 09:26;2025-7-14, 09:25;62,03
4457603;12269275;escrow;973978;mercado_pago;pending;;2025-7-16, 14:56;103,29
4457625;12269275;escrow;973978;mercado_pago;paid;2025-7-17, 14:38;2025-7-16, 15:11;103,56
4449768;12269385;escrow;973145;mercado_pago;paid;2025-7-11, 17:44;2025-7-11, 17:43;111,14
4466361;12269846;escrow;973319;credit_card;pending;;2025-7-21, 19:02;167,39
4466366;12269846;escrow;973319;credit_card;pending;;2025-7-21, 19:05;167,39
4466376;12269846;escrow;973319;credit_card;pending;;2025-7-21, 19:09;167,39
4466393;12269846;escrow;973319;credit_card;paid;2025-7-21, 19:22;2025-7-21, 19:22;167,39
4451324;114374;escrow;973321;mercado_pago;pending;;2025-7-12, 22:02;22,48
4451332;114374;escrow;973321;mercado_pago;pending;;2025-7-12, 22:05;22,48
4451333;114374;escrow;973321;mercado_pago;paid;2025-7-12, 22:07;2025-7-12, 22:06;22,48
4454395;11839606;escrow;973313;mercado_pago;paid;2025-7-14, 20:45;2025-7-14, 20:44;74,79
4450461;4979251;escrow;973220;credit_card;pending;;2025-7-12, 10:42;64,2
4450464;4979251;escrow;973220;credit_card;paid;2025-7-12, 10:45;2025-7-12, 10:45;64,2
4450413;6720308;escrow;973214;mercado_pago;paid;2025-7-12, 09:05;2025-7-12, 09:04;150,36
4461650;12273114;escrow;974796;mercado_pago;paid;2025-7-18, 15:22;2025-7-18, 15:20;37,71
4450619;8675833;escrow;973240;mercado_pago;paid;2025-7-12, 13:42;2025-7-12, 13:40;46,99
4450703;4654950;escrow;973255;mercado_pago;paid;2025-7-12, 15:24;2025-7-12, 15:22;32,72
4453488;578540;escrow;973612;paypal;paid;2025-7-14, 15:23;2025-7-14, 15:23;67,93
4451151;11898239;escrow;973278;virtual_wallet;paid;2025-7-12, 17:39;2025-7-12, 17:39;112,77
4451594;10114126;escrow;973334;mercado_pago;paid;2025-7-13, 08:27;2025-7-13, 08:27;19,99
4451794;4131708;escrow;973358;credit_card;paid;2025-7-13, 14:07;2025-7-13, 14:07;27,36
4451307;2532830;escrow;973316;mercado_pago;paid;2025-7-12, 21:38;2025-7-12, 21:38;34,37
4455586;12275822;escrow;973945;mercado_pago;paid;2025-7-15, 15:13;2025-7-15, 15:12;131,16
4451879;12277185;escrow;973373;mercado_pago;pending;;2025-7-13, 16:13;234,93
4451881;12277185;escrow;973373;mercado_pago;pending;;2025-7-13, 16:13;234,93
4451770;7338369;escrow;973356;mercado_pago;paid;2025-7-13, 14:18;2025-7-13, 13:44;46,99
4451798;12265601;escrow;973361;paypal;paid;2025-7-13, 14:19;2025-7-13, 14:18;52,25
4469448;2853516;escrow;975922;paypal;paid;2025-7-23, 14:16;2025-7-23, 14:15;313,5
4452397;12278877;escrow;973412;mercado_pago;paid;2025-7-13, 20:49;2025-7-13, 20:48;281,92
4451896;11591772;escrow;973378;credit_card;paid;2025-7-13, 16:32;2025-7-13, 16:32;99,36
4451913;252091;escrow;973383;mercado_pago;paid;2025-7-13, 17:04;2025-7-13, 17:03;19,99
4456447;570813;escrow;974045;mercado_pago;paid;2025-7-15, 20:35;2025-7-15, 20:32;188,06
4452261;5729103;escrow;973392;mercado_pago;paid;2025-7-13, 18:01;2025-7-13, 17:59;156
4457219;10994262;escrow;974149;mercado_pago;paid;2025-7-16, 11:02;2025-7-16, 10:59;28,9
4452475;12280968;escrow;973421;mercado_pago;paid;2025-7-13, 22:31;2025-7-13, 22:30;19,96
4457456;5637761;escrow;974205;mercado_pago;pending;;2025-7-16, 13:36;187,74
4457457;5637761;escrow;974205;mercado_pago;pending;;2025-7-16, 13:37;187,74
4457458;5637761;escrow;974205;mercado_pago;paid;2025-7-16, 13:38;2025-7-16, 13:37;187,74
4453438;12281173;escrow;973594;credit_card;paid;2025-7-14, 14:53;2025-7-14, 14:53;17,19
4462170;360675;escrow;974849;mercado_pago;pending;;2025-7-18, 18:01;106,29
4462177;360675;escrow;974849;mercado_pago;paid;2025-7-18, 18:07;2025-7-18, 18:04;106,29
4452502;12282170;escrow;973424;mercado_pago;paid;2025-7-13, 23:25;2025-7-13, 23:25;56,33
4456876;6329924;authorization;974083;credit_card;paid;2025-7-16, 02:43;2025-7-16, 02:43;0
4455142;667248;escrow;973843;mercado_pago;paid;2025-7-15, 11:27;2025-7-15, 11:27;75,25
4455689;12283131;escrow;973967;credit_card;paid;2025-7-15, 16:01;2025-7-15, 16:01;221,35
4476654;544988;escrow;976883;credit_card;paid;2025-7-27, 20:17;2025-7-27, 20:17;20,51
4458454;12283591;escrow;974289;paypal;paid;2025-7-16, 17:45;2025-7-16, 17:44;24,16
4455472;12158132;escrow;973915;credit_card;pending;;2025-7-15, 14:29;127,09
4455485;12158132;escrow;973915;credit_card;paid;2025-7-15, 14:32;2025-7-15, 14:32;127,09
4465560;12186137;escrow;975268;mercado_pago;pending;;2025-7-21, 14:44;63,94
4465579;12186137;escrow;975268;mercado_pago;pending;;2025-7-21, 14:52;63,94
4465582;12186137;escrow;975268;mercado_pago;pending;;2025-7-21, 14:53;63,94
4465584;12186137;escrow;975268;mercado_pago;pending;;2025-7-21, 14:53;63,94
4465585;12186137;escrow;975268;mercado_pago;pending;;2025-7-21, 14:53;63,94
4465592;12186137;escrow;975268;mercado_pago;pending;;2025-7-21, 14:56;63,94
4465593;12186137;escrow;975268;mercado_pago;paid;2025-7-21, 14:57;2025-7-21, 14:56;63,94
4453033;7304644;escrow;973517;mercado_pago;pending;;2025-7-14, 11:46;93,66
4452898;467525;escrow;973484;mercado_pago;cancelled;2025-7-14, 10:29;2025-7-14, 10:26;643,31
4453056;467525;escrow;973484;mercado_pago;pending;;2025-7-14, 12:00;644,65
4453061;467525;escrow;973484;mercado_pago;paid;2025-7-14, 12:05;2025-7-14, 12:04;644,65
4454277;207775;escrow;973709;credit_card;pending;;2025-7-14, 19:40;74,29
4454279;207775;escrow;973709;credit_card;pending;;2025-7-14, 19:41;74,29
4454280;207775;escrow;973709;credit_card;pending;;2025-7-14, 19:42;74,29
4454615;207775;escrow;973709;credit_card;paid;2025-7-14, 23:38;2025-7-14, 23:38;74,29
4473392;12284478;escrow;976534;mercado_pago;pending;;2025-7-25, 14:29;164,19
4474710;12284478;escrow;976534;mercado_pago;pending;;2025-7-26, 09:51;164,32
4474711;12284478;escrow;976534;mercado_pago;paid;2025-7-26, 09:52;2025-7-26, 09:52;164,32
4484118;12284536;authorization;978062;credit_card;paid;2025-7-31, 16:29;2025-7-31, 16:29;0
4457267;8162089;escrow;974164;mercado_pago;paid;2025-7-16, 11:40;2025-7-16, 11:38;121,62
4453019;494823;escrow;973511;mercado_pago;paid;2025-7-14, 11:40;2025-7-14, 11:40;186,56
4453064;11144880;escrow;973523;mercado_pago;paid;2025-7-14, 12:06;2025-7-14, 12:05;94,22
4465208;11989041;escrow;974687;mercado_pago;pending;;2025-7-21, 11:17;103,39
4465209;11989041;escrow;974687;mercado_pago;pending;;2025-7-21, 11:18;103,05
4465211;11989041;escrow;974687;mercado_pago;pending;;2025-7-21, 11:18;103,39
4465213;11989041;escrow;974687;mercado_pago;paid;2025-7-21, 11:21;2025-7-21, 11:19;103,39
4453564;2576556;escrow;973639;mercado_pago;paid;2025-7-14, 16:08;2025-7-14, 16:06;131,21
4468438;12285756;escrow;974150;credit_card;paid;2025-7-22, 19:48;2025-7-22, 19:48;73,15
4461440;1424872;escrow;974739;paypal;paid;2025-7-18, 13:07;2025-7-18, 13:03;65,63
4479428;2296861;escrow;977333;mercado_pago;pending;;2025-7-29, 11:18;615,14
4479429;2296861;escrow;977333;mercado_pago;pending;;2025-7-29, 11:18;615,14
4479431;2296861;escrow;977333;mercado_pago;paid;2025-7-29, 11:19;2025-7-29, 11:18;615,14
4453295;598805;escrow;973567;mercado_pago;pending;;2025-7-14, 13:51;37,94
4453297;598805;escrow;973567;mercado_pago;pending;;2025-7-14, 13:52;37,94
4453298;598805;escrow;973567;mercado_pago;pending;;2025-7-14, 13:52;37,94
4453300;598805;escrow;973567;mercado_pago;pending;;2025-7-14, 13:53;37,94
4453301;598805;escrow;973567;mercado_pago;paid;2025-7-14, 13:54;2025-7-14, 13:53;37,94
4462467;12286635;escrow;974895;mercado_pago;pending;;2025-7-18, 21:44;280,87
4464939;12286635;escrow;974895;mercado_pago;paid;2025-7-21, 09:53;2025-7-21, 07:23;280,21
4465000;12286635;escrow;974895;mercado_pago;pending;;2025-7-21, 09:00;280,57
4465008;12286635;escrow;974895;mercado_pago;pending;;2025-7-21, 09:04;280,57
4461706;5139841;escrow;974811;mercado_pago;paid;2025-7-18, 16:02;2025-7-18, 15:59;37,86
4457506;12075959;escrow;973917;credit_card;paid;2025-7-16, 14:04;2025-7-16, 14:04;78,4
4454506;12274113;escrow;973751;mercado_pago;paid;2025-7-14, 22:03;2025-7-14, 21:57;70,12
4459231;12287508;escrow;974393;credit_card;pending;;2025-7-17, 08:20;1254
4455237;12215242;escrow;973867;mercado_pago;paid;2025-7-15, 12:51;2025-7-15, 12:24;112,86
4453693;12124804;escrow;973668;credit_card;paid;2025-7-14, 17:17;2025-7-14, 17:17;32,72
4471524;3178664;escrow;976251;credit_card;paid;2025-7-24, 13:19;2025-7-24, 13:19;324,31
4453626;1871305;escrow;973652;virtual_wallet;paid;2025-7-14, 16:39;2025-7-14, 16:39;112,47
4462783;4553404;escrow;974932;mercado_pago;paid;2025-7-19, 10:02;2025-7-19, 09:25;46,81
4454113;1797806;escrow;973684;mercado_pago;pending;;2025-7-14, 18:18;121,6
4454114;1797806;escrow;973684;paypal;paid;2025-7-14, 18:24;2025-7-14, 18:18;121,6
4454822;12288897;escrow;973775;paypal;pending;;2025-7-15, 03:44;1044,99
4460762;12288897;escrow;973775;credit_card;pending;;2025-7-17, 22:46;1050,07
4463624;12288897;escrow;973775;credit_card;paid;2025-7-19, 22:25;2025-7-19, 22:25;1039,31
4454379;11096379;escrow;973733;mercado_pago;paid;2025-7-14, 20:37;2025-7-14, 20:35;112,19
4454401;2649473;escrow;973738;mercado_pago;paid;2025-7-14, 21:17;2025-7-14, 20:48;48,15
4461672;2338857;escrow;974802;paypal;paid;2025-7-18, 15:33;2025-7-18, 15:32;40,59
4454328;198670;escrow;973720;virtual_wallet;paid;2025-7-14, 20:01;2025-7-14, 20:01;37,79
4465383;10348100;escrow;975228;mercado_pago;pending;;2025-7-21, 13:07;93,95
4465384;10348100;escrow;975228;mercado_pago;pending;;2025-7-21, 13:07;93,95
4465385;10348100;escrow;975228;mercado_pago;paid;2025-7-21, 13:08;2025-7-21, 13:07;93,95
4465492;11362936;escrow;975248;paypal;paid;2025-7-21, 15:35;2025-7-21, 14:12;522,5
4465525;11362936;escrow;975248;credit_card;pending;;2025-7-21, 14:25;522,5
4454601;11279684;escrow;973758;virtual_wallet;paid;2025-7-14, 23:14;2025-7-14, 23:14;313,5
4461676;2860411;escrow;974803;mercado_pago;pending;;2025-7-18, 15:36;50,63
4461677;2860411;escrow;974803;mercado_pago;pending;;2025-7-18, 15:37;50,63
4461678;2860411;escrow;974803;mercado_pago;pending;;2025-7-18, 15:37;50,63
4461679;2860411;escrow;974803;mercado_pago;pending;;2025-7-18, 15:37;50,63
4461681;2860411;escrow;974803;mercado_pago;paid;2025-7-18, 15:40;2025-7-18, 15:37;50,63
4455008;4586423;escrow;973808;mercado_pago;paid;2025-7-15, 10:03;2025-7-15, 09:58;112,18
4462477;10088149;escrow;974865;mercado_pago;pending;;2025-7-18, 22:03;32,46
4462478;10088149;escrow;974865;mercado_pago;pending;;2025-7-18, 22:04;32,46
4462479;10088149;escrow;974865;mercado_pago;paid;2025-7-18, 22:04;2025-7-18, 22:04;32,46
4454610;641754;escrow;973762;mercado_pago;pending;;2025-7-14, 23:31;53,5
4454620;641754;escrow;973762;mercado_pago;pending;;2025-7-14, 23:39;53,5
4454622;641754;escrow;973762;mercado_pago;pending;;2025-7-14, 23:39;53,5
4454627;641754;escrow;973762;credit_card;paid;2025-7-14, 23:42;2025-7-14, 23:42;53,5
4457587;7664392;escrow;974229;mercado_pago;paid;2025-7-16, 14:53;2025-7-16, 14:49;161,5
4454799;1828954;escrow;973770;mercado_pago;pending;;2025-7-15, 02:13;158,92
4456636;1828954;escrow;973770;mercado_pago;pending;;2025-7-15, 22:59;159,85
4456993;1828954;escrow;973770;mercado_pago;pending;;2025-7-16, 07:40;159,79
4461425;1828954;escrow;973770;mercado_pago;pending;;2025-7-18, 12:56;160,18
4461431;1828954;escrow;973770;mercado_pago;pending;;2025-7-18, 13:00;160,18
4456989;12293408;escrow;974094;paypal;paid;2025-7-16, 07:30;2025-7-16, 07:27;183,25
4457566;12285215;escrow;974226;mercado_pago;paid;2025-7-16, 14:38;2025-7-16, 14:37;84,51
4457103;3623972;escrow;974118;mercado_pago;paid;2025-7-16, 09:45;2025-7-16, 09:44;47,01
4455127;12294239;escrow;973839;paypal;pending;;2025-7-15, 11:21;85,76
4455173;12294239;escrow;973839;credit_card;paid;2025-7-15, 11:46;2025-7-15, 11:46;85,76
4455027;5729103;escrow;973815;mercado_pago;paid;2025-7-15, 10:15;2025-7-15, 10:14;64,02
4457270;119794;escrow;974165;mercado_pago;paid;2025-7-16, 11:42;2025-7-16, 11:41;119,75
4455164;8158208;escrow;973848;mercado_pago;paid;2025-7-15, 11:41;2025-7-15, 11:41;94,06
4459737;12294661;escrow;974505;mercado_pago;pending;;2025-7-17, 14:15;103,3
4459740;12294661;escrow;974505;mercado_pago;pending;;2025-7-17, 14:18;103,3
4459741;12294661;escrow;974505;mercado_pago;paid;2025-7-17, 14:24;2025-7-17, 14:18;103,3
4455215;7047976;escrow;973861;mercado_pago;pending;;2025-7-15, 12:14;169,29
4455216;7047976;escrow;973861;mercado_pago;pending;;2025-7-15, 12:14;169,29
4455217;7047976;escrow;973861;mercado_pago;paid;2025-7-15, 12:15;2025-7-15, 12:14;169,29
4455250;7822476;escrow;973872;mercado_pago;paid;2025-7-15, 12:35;2025-7-15, 12:35;32,6
4455335;211892;escrow;973894;mercado_pago;paid;2025-7-15, 13:17;2025-7-15, 13:17;24,45
4455265;1638248;escrow;973877;credit_card;paid;2025-7-15, 12:43;2025-7-15, 12:43;217,36
4460387;9011891;escrow;974581;mercado_pago;paid;2025-7-17, 17:50;2025-7-17, 17:47;56,51
4483722;12296009;escrow;974590;credit_card;pending;;2025-7-31, 13:13;2454,02
4483728;12296009;escrow;974590;credit_card;pending;;2025-7-31, 13:15;2352,14
4483731;12296009;escrow;974590;credit_card;paid;2025-7-31, 13:16;2025-7-31, 13:16;2352,14
4455511;6622294;escrow;973922;mercado_pago;pending;;2025-7-15, 14:39;242,72
4455517;6622294;escrow;973922;mercado_pago;pending;;2025-7-15, 14:44;242,72
4455519;6622294;escrow;973922;mercado_pago;pending;;2025-7-15, 14:44;242,72
4455520;6622294;escrow;973922;mercado_pago;pending;;2025-7-15, 14:45;242,72
4455521;6622294;escrow;973922;mercado_pago;pending;;2025-7-15, 14:45;242,72
4455523;6622294;escrow;973922;mercado_pago;pending;;2025-7-15, 14:45;242,72
4455525;6622294;escrow;973922;mercado_pago;pending;;2025-7-15, 14:46;242,72
4455526;6622294;escrow;973922;mercado_pago;pending;;2025-7-15, 14:46;242,72
4455558;6622294;escrow;973922;mercado_pago;pending;;2025-7-15, 14:57;242,72
4455559;6622294;escrow;973922;mercado_pago;paid;2025-7-15, 14:58;2025-7-15, 14:57;242,72
4455568;11474770;escrow;973936;mercado_pago;paid;2025-7-15, 15:02;2025-7-15, 15:01;46,68
4457823;4781478;escrow;974264;mercado_pago;paid;2025-7-16, 16:32;2025-7-16, 16:31;71,44
4455565;12223836;escrow;973935;mercado_pago;paid;2025-7-15, 15:00;2025-7-15, 15:00;46,68
4459385;11560021;escrow;974421;mercado_pago;paid;2025-7-17, 10:44;2025-7-17, 10:38;65,48
4457557;7793679;escrow;974223;mercado_pago;paid;2025-7-16, 14:33;2025-7-16, 14:32;65,73
4458498;7226633;escrow;974294;credit_card;pending;;2025-7-16, 18:16;103,24
4458499;7226633;escrow;974294;credit_card;pending;;2025-7-16, 18:16;103,24
4458500;7226633;escrow;974294;mercado_pago;paid;2025-7-16, 18:18;2025-7-16, 18:17;103,24
4455827;7793679;escrow;974001;mercado_pago;paid;2025-7-15, 17:25;2025-7-15, 17:24;23,58
4457144;4881369;escrow;974112;mercado_pago;pending;;2025-7-16, 10:16;34,27
4457338;4881369;escrow;974112;mercado_pago;pending;;2025-7-16, 12:16;34,31
4457340;4881369;escrow;974112;mercado_pago;paid;2025-7-16, 12:18;2025-7-16, 12:16;34,31
4459881;11448524;escrow;974534;mercado_pago;paid;2025-7-17, 15:48;2025-7-17, 15:47;34,39
4473368;1303369;authorization;976526;credit_card;pending;;2025-7-25, 14:16;0
4473371;1303369;authorization;976526;credit_card;paid;2025-7-25, 14:18;2025-7-25, 14:18;0
559084;974153;validation;974153;credit_card;pending;;2018-3-26, 18:50;0
559088;974153;validation;974153;credit_card;pending;;2018-3-26, 18:51;0
4457233;10681596;escrow;974153;mercado_pago;paid;2025-7-16, 11:12;2025-7-16, 11:11;56,13
4457384;12299512;escrow;974053;mercado_pago;paid;2025-7-16, 12:44;2025-7-16, 12:43;187,55
4458644;11895246;escrow;974319;mercado_pago;paid;2025-7-16, 19:47;2025-7-16, 19:43;159,49
4480048;1030969;escrow;977467;credit_card;pending;;2025-7-29, 16:53;107,01
4484480;1030969;escrow;977467;credit_card;paid;2025-7-31, 17:45;2025-7-31, 17:45;107,01
4456429;12299667;escrow;974043;mercado_pago;paid;2025-7-15, 20:19;2025-7-15, 20:18;47,02
4463097;378745;escrow;974988;virtual_wallet;paid;2025-7-19, 17:11;2025-7-19, 17:11;27
4456647;12299765;escrow;974068;mercado_pago;paid;2025-7-15, 23:08;2025-7-15, 23:07;35,74
4459219;7753717;escrow;974391;mercado_pago;paid;2025-7-17, 08:02;2025-7-17, 08:01;56,36
4456658;6455528;escrow;974070;mercado_pago;paid;2025-7-15, 23:25;2025-7-15, 23:24;188,04
4457285;12300358;escrow;974167;mercado_pago;paid;2025-7-16, 11:47;2025-7-16, 11:45;91,12
4464653;12301344;escrow;975100;mercado_pago;paid;2025-7-20, 21:55;2025-7-20, 21:54;187,29
4456740;12301833;escrow;974079;paypal;pending;;2025-7-16, 01:30;1881
4462988;12292268;authorization;974968;credit_card;pending;;2025-7-19, 14:33;0
4462997;12292268;authorization;974968;credit_card;pending;;2025-7-19, 14:47;0
4462998;12292268;authorization;974968;credit_card;pending;;2025-7-19, 14:50;0
4463004;12292268;authorization;974968;credit_card;pending;;2025-7-19, 14:54;0
4463006;12292268;authorization;974968;credit_card;pending;;2025-7-19, 14:57;0
4463008;12292268;authorization;974968;credit_card;paid;2025-7-19, 14:59;2025-7-19, 14:59;0
4477787;12292268;hours;974968;credit_card;paid;2025-7-28, 15:25;2025-7-28, 15:25;83,98
4466995;12302705;escrow;975477;credit_card;paid;2025-7-22, 06:52;2025-7-22, 06:52;305,3
4457006;8610011;escrow;974097;virtual_wallet;pending;;2025-7-16, 08:20;172,43
4459226;8610011;escrow;974097;virtual_wallet;pending;;2025-7-17, 08:16;172,43
4459229;8610011;escrow;974097;credit_card;paid;2025-7-17, 08:16;2025-7-17, 08:16;172,43
4465327;4687839;escrow;975215;mercado_pago;pending;;2025-7-21, 12:21;205,92
4465328;4687839;escrow;975215;mercado_pago;pending;;2025-7-21, 12:21;205,92
4465329;4687839;escrow;975215;mercado_pago;paid;2025-7-21, 12:24;2025-7-21, 12:21;205,92
4473588;11761393;escrow;976273;mercado_pago;paid;2025-7-25, 16:00;2025-7-25, 15:52;187,79
4458085;12304341;escrow;974282;credit_card;paid;2025-7-16, 17:28;2025-7-16, 17:28;130,63
4481447;10612466;escrow;977638;mercado_pago;paid;2025-7-30, 11:54;2025-7-30, 11:40;156,81
4457624;3462215;escrow;974236;mercado_pago;paid;2025-7-16, 15:11;2025-7-16, 15:11;47,07
4457467;12261632;escrow;974208;paypal;pending;;2025-7-16, 13:43;654,62
4472353;12180949;escrow;976361;mercado_pago;paid;2025-7-24, 19:16;2025-7-24, 19:15;38,22
4457519;12305488;escrow;974216;mercado_pago;pending;;2025-7-16, 14:11;103,26
4457520;12305488;escrow;974216;mercado_pago;paid;2025-7-16, 14:15;2025-7-16, 14:11;103,29
4457541;12176051;escrow;974221;mercado_pago;pending;;2025-7-16, 14:23;112,68
4465521;1542190;escrow;975255;credit_card;paid;2025-7-21, 14:23;2025-7-21, 14:23;312,64
4458033;12306044;escrow;974275;mercado_pago;paid;2025-7-16, 17:06;2025-7-16, 17:04;94
4471090;5301263;escrow;976153;mercado_pago;pending;;2025-7-24, 08:54;189,36
4471092;5301263;escrow;976153;mercado_pago;pending;;2025-7-24, 08:55;189,36
4471095;5301263;escrow;976153;mercado_pago;pending;;2025-7-24, 08:55;189,36
4471197;5301263;escrow;976153;mercado_pago;paid;2025-7-24, 10:26;2025-7-24, 10:20;189,1
4459228;4809935;escrow;974392;mercado_pago;paid;2025-7-17, 09:32;2025-7-17, 08:16;24,44
4459900;12307096;escrow;974537;mercado_pago;paid;2025-7-17, 16:03;2025-7-17, 16:02;32,59
4458557;2407112;escrow;974305;mercado_pago;paid;2025-7-16, 18:52;2025-7-16, 18:51;36,12
4461532;11832113;escrow;974765;mercado_pago;paid;2025-7-18, 14:13;2025-7-18, 14:09;35,71
4465031;596735;escrow;975147;mercado_pago;pending;;2025-7-21, 09:29;102,95
4465032;596735;escrow;975147;mercado_pago;pending;;2025-7-21, 09:29;102,95
4465033;596735;escrow;975147;mercado_pago;paid;2025-7-21, 09:31;2025-7-21, 09:30;102,95
4459845;10219501;escrow;974529;paypal;paid;2025-7-17, 15:33;2025-7-17, 15:32;39,5
4476745;6145497;escrow;976892;mercado_pago;pending;;2025-7-27, 22:29;262,81
4476746;6145497;escrow;976892;mercado_pago;paid;2025-7-27, 22:31;2025-7-27, 22:30;262,81
4459346;2259510;escrow;974410;mercado_pago;paid;2025-7-17, 10:20;2025-7-17, 10:15;112,57
4462840;3023129;escrow;974936;mercado_pago;pending;;2025-7-19, 10:59;71,15
4462842;3023129;escrow;974936;mercado_pago;paid;2025-7-19, 11:02;2025-7-19, 11:01;71,15
4458716;12308883;escrow;974340;mercado_pago;paid;2025-7-16, 20:48;2025-7-16, 20:44;56,3
4462194;12308270;escrow;974854;credit_card;paid;2025-7-18, 18:21;2025-7-18, 18:21;51,36
4464148;7989082;escrow;974911;mercado_pago;pending;;2025-7-20, 17:09;337,05
4466761;12308259;escrow;975222;paypal;pending;;2025-7-22, 00:08;171,21
4466762;12308259;escrow;975222;payu;pending;;2025-7-22, 00:09;178,92
4466765;12308259;escrow;975222;payu;pending;;2025-7-22, 00:14;178,92
4466768;12308259;escrow;975222;credit_card;paid;2025-7-22, 00:19;2025-7-22, 00:19;178,92
4465654;12309452;escrow;975290;mercado_pago;pending;;2025-7-21, 15:23;84,51
4465655;12309452;escrow;975290;mercado_pago;pending;;2025-7-21, 15:24;84,51
4465656;12309452;escrow;975290;mercado_pago;pending;;2025-7-21, 15:24;84,51
4465663;12309452;escrow;975290;mercado_pago;paid;2025-7-21, 15:28;2025-7-21, 15:27;84,51
4459342;2091477;escrow;974407;mercado_pago;paid;2025-7-17, 10:12;2025-7-17, 10:11;52,16
4463483;4522034;escrow;974997;astropay;paid;2025-7-19, 18:47;2025-7-19, 18:45;278,23
4483461;12311314;escrow;977567;credit_card;paid;2025-7-31, 10:59;2025-7-31, 10:59;1045
4483331;12311328;escrow;976911;paypal;pending;;2025-7-31, 08:57;42
4459232;12311569;escrow;974394;mercado_pago;pending;;2025-7-17, 08:22;46,91
4459235;12311569;escrow;974394;paypal;paid;2025-7-17, 08:28;2025-7-17, 08:23;46,91
4459870;1407017;escrow;974532;credit_card;pending;;2025-7-17, 15:43;32
4459872;1407017;escrow;974532;credit_card;pending;;2025-7-17, 15:44;32
4459873;1407017;escrow;974532;credit_card;paid;2025-7-17, 15:44;2025-7-17, 15:44;33,44
4465527;7022342;escrow;975256;mercado_pago;pending;;2025-7-21, 14:27;82,75
4465533;7022342;escrow;975256;mercado_pago;paid;2025-7-21, 14:29;2025-7-21, 14:28;82,75
4462961;11209036;escrow;974961;mercado_pago;pending;;2025-7-19, 13:52;28,88
4465411;11209036;escrow;974961;mercado_pago;paid;2025-7-21, 13:26;2025-7-21, 13:26;28,97
4472923;12312280;escrow;976415;mercado_pago;pending;;2025-7-25, 08:48;586,6
4472925;12312280;escrow;976415;mercado_pago;pending;;2025-7-25, 08:50;586,6
4472941;12312280;escrow;976415;mercado_pago;pending;;2025-7-25, 09:15;586,29
4473131;12312280;escrow;976415;mercado_pago;pending;;2025-7-25, 11:53;585,05
4477275;12312280;escrow;976415;mercado_pago;paid;2025-7-28, 11:08;2025-7-28, 11:04;581,17
4473200;7606491;escrow;976494;mercado_pago;paid;2025-7-25, 12:50;2025-7-25, 12:49;176,87
4464985;484761;authorization;975135;credit_card;paid;2025-7-21, 08:47;2025-7-21, 08:47;0
4479491;484761;hours;975135;credit_card;paid;2025-7-29, 11:51;2025-7-29, 11:51;28,05
4479496;484761;hours;975135;credit_card;paid;2025-7-29, 11:53;2025-7-29, 11:52;5,61
4459997;94333;escrow;974546;credit_card;paid;2025-7-17, 17:08;2025-7-17, 17:08;29,28
4459679;12313209;escrow;974492;credit_card;paid;2025-7-17, 13:33;2025-7-17, 13:33;488,85
4460376;12314349;escrow;974578;paypal;pending;;2025-7-17, 17:39;75,35
4460384;12314349;escrow;974578;mercado_pago;paid;2025-7-17, 17:44;2025-7-17, 17:43;75,35
4459959;10487115;escrow;974551;mercado_pago;pending;;2025-7-17, 16:37;47,09
4459960;10487115;escrow;974551;paypal;pending;;2025-7-17, 16:38;47,09
4459961;10487115;escrow;974551;mercado_pago;paid;2025-7-17, 16:39;2025-7-17, 16:38;47,09
4473617;3171324;escrow;976578;mercado_pago;paid;2025-7-25, 16:18;2025-7-25, 16:15;21,75
4459898;12314848;escrow;974539;mercado_pago;paid;2025-7-17, 16:03;2025-7-17, 16:01;47,02
4459970;12315092;escrow;974555;mercado_pago;paid;2025-7-17, 16:53;2025-7-17, 16:50;88,54
4469530;6208800;escrow;975940;mercado_pago;paid;2025-7-23, 15:11;2025-7-23, 15:04;29,11
4466553;431928;escrow;975424;mercado_pago;pending;;2025-7-21, 21:03;56,31
4466555;431928;escrow;975424;mercado_pago;paid;2025-7-21, 21:06;2025-7-21, 21:04;56,31
4472375;12185764;escrow;976261;credit_card;pending;;2025-7-24, 19:29;160,51
4472377;12185764;escrow;976261;credit_card;pending;;2025-7-24, 19:30;160,51
4472398;12185764;escrow;976261;credit_card;pending;;2025-7-24, 19:40;160,51
4483925;2654251;escrow;978063;mercado_pago;paid;2025-7-31, 15:08;2025-7-31, 15:05;93,44
4468267;12316588;escrow;975689;mercado_pago;pending;;2025-7-22, 18:06;130,82
4468284;12316588;escrow;975689;mercado_pago;paid;2025-7-22, 18:14;2025-7-22, 18:13;130,82
4463890;12291748;escrow;975035;mercado_pago;paid;2025-7-20, 10:35;2025-7-20, 10:32;37,84
4462228;12317192;escrow;974861;credit_card;pending;;2025-7-18, 18:47;279,56
4462231;12317192;escrow;974861;credit_card;paid;2025-7-18, 18:49;2025-7-18, 18:49;279,44
4473008;9126594;escrow;976443;mercado_pago;pending;;2025-7-25, 10:23;56,74
4473009;9126594;escrow;976443;mercado_pago;paid;2025-7-25, 10:26;2025-7-25, 10:23;56,74
4485330;11902104;escrow;978313;mercado_pago;paid;2025-8-1, 10:17;2025-8-1, 10:16;223,83
4460852;12318117;escrow;974644;mercado_pago;paid;2025-7-18, 00:51;2025-7-18, 00:48;16,41
4461013;9358832;escrow;974659;credit_card;paid;2025-7-18, 05:52;2025-7-18, 05:52;32
4461707;12005500;escrow;974812;paypal;paid;2025-7-18, 16:01;2025-7-18, 15:59;160,68
4461186;12320085;escrow;974693;mercado_pago;pending;;2025-7-18, 10:10;32,64
4461187;12320085;escrow;974693;mercado_pago;pending;;2025-7-18, 10:10;32,64
4461188;12320085;escrow;974693;mercado_pago;pending;;2025-7-18, 10:10;32,64
4461189;12320085;escrow;974693;mercado_pago;pending;;2025-7-18, 10:10;32,64
4461190;12320085;escrow;974693;mercado_pago;paid;2025-7-18, 10:12;2025-7-18, 10:10;32,64
4467072;8134447;escrow;975491;mercado_pago;paid;2025-7-22, 09:26;2025-7-22, 09:25;58,56
4463485;12320193;escrow;974998;paypal;paid;2025-7-19, 18:56;2025-7-19, 18:51;209
4461743;10201270;escrow;974818;mercado_pago;pending;;2025-7-18, 16:24;243,61
4461744;10201270;escrow;974818;mercado_pago;paid;2025-7-18, 16:27;2025-7-18, 16:25;243,61
4466438;11209435;escrow;975411;mercado_pago;pending;;2025-7-21, 19:52;96,2
4466440;11209435;escrow;975411;mercado_pago;paid;2025-7-21, 19:56;2025-7-21, 19:53;96,2
4465021;3584985;escrow;975143;mercado_pago;paid;2025-7-21, 09:27;2025-7-21, 09:19;72,95
4465168;2658404;escrow;975178;mercado_pago;paid;2025-7-21, 10:56;2025-7-21, 10:52;413,57
4473181;9400080;escrow;976488;credit_card;paid;2025-7-25, 12:41;2025-7-25, 12:41;156,65
4461490;12321194;escrow;974759;mercado_pago;pending;;2025-7-18, 13:41;45,15
4461493;12321194;escrow;974759;mercado_pago;paid;2025-7-18, 13:44;2025-7-18, 13:43;45,15
4462920;12223836;escrow;974950;mercado_pago;paid;2025-7-19, 12:34;2025-7-19, 12:31;78,64
4467526;8785006;escrow;975599;mercado_pago;pending;;2025-7-22, 14:11;338,58
4467528;8785006;escrow;975599;mercado_pago;pending;;2025-7-22, 14:12;338,58
4467529;8785006;escrow;975599;mercado_pago;pending;;2025-7-22, 14:12;338,58
4467530;8785006;escrow;975599;mercado_pago;pending;;2025-7-22, 14:12;338,58
4467542;8785006;escrow;975599;mercado_pago;pending;;2025-7-22, 14:17;338,58
4467549;8785006;escrow;975599;mercado_pago;pending;;2025-7-22, 14:22;338,58
4479629;8785006;escrow;975599;mercado_pago;paid;2025-7-29, 13:17;2025-7-29, 13:16;336,25
4465732;11520581;escrow;975314;virtual_wallet;paid;2025-7-21, 16:02;2025-7-21, 16:02;252,06
4461767;12252500;escrow;974825;mercado_pago;pending;;2025-7-18, 16:51;37,75
4461768;12252500;escrow;974825;mercado_pago;paid;2025-7-18, 17:37;2025-7-18, 16:52;37,75
4461688;12262401;escrow;974808;mercado_pago;paid;2025-7-18, 15:44;2025-7-18, 15:44;16,35
4465557;1617408;escrow;975266;mercado_pago;paid;2025-7-21, 14:43;2025-7-21, 14:42;53,74
4481389;3202076;escrow;977627;mercado_pago;pending;;2025-7-30, 11:12;19,9
4481391;3202076;escrow;977627;mercado_pago;pending;;2025-7-30, 11:12;19,9
4481392;3202076;escrow;977627;mercado_pago;paid;2025-7-30, 11:15;2025-7-30, 11:13;19,9
4461790;4705937;escrow;974834;mercado_pago;pending;;2025-7-18, 17:11;102,74
4461801;4705937;escrow;974834;mercado_pago;paid;2025-7-18, 17:15;2025-7-18, 17:14;102,74
4465442;12305120;escrow;975241;payu;pending;;2025-7-21, 13:49;38,67
4465444;12305120;escrow;975241;payu;pending;;2025-7-21, 13:49;38,67
4465446;12305120;escrow;975241;payu;pending;;2025-7-21, 13:49;38,67
4465447;12305120;escrow;975241;payu;pending;;2025-7-21, 13:49;38,67
4465448;12305120;escrow;975241;payu;pending;;2025-7-21, 13:50;38,67
4465454;12305120;escrow;975241;credit_card;paid;2025-7-21, 13:52;2025-7-21, 13:52;38,67
4469060;8010073;escrow;975823;credit_card;pending;;2025-7-23, 10:26;62,7
4469062;8010073;escrow;975823;credit_card;paid;2025-7-23, 10:29;2025-7-23, 10:29;62,7
4467896;12323400;escrow;975675;astropay;pending;;2025-7-22, 17:28;94,6
4467897;12323400;escrow;975675;paypal;pending;;2025-7-22, 17:29;88,83
4467938;12323400;escrow;975675;credit_card;paid;2025-7-22, 17:31;2025-7-22, 17:30;88,83
4465620;2457564;escrow;975278;mercado_pago;paid;2025-7-21, 15:10;2025-7-21, 15:07;282,1
4464136;880128;escrow;975070;credit_card;pending;;2025-7-20, 16:58;522,5
4464139;880128;escrow;975070;credit_card;paid;2025-7-20, 16:59;2025-7-20, 16:59;522,5
4472500;11856906;escrow;976379;credit_card;paid;2025-7-24, 20:54;2025-7-24, 20:54;1824,54
4462794;12325621;escrow;974933;mercado_pago;paid;2025-7-19, 10:03;2025-7-19, 10:02;48,68
4462813;6629745;escrow;974935;mercado_pago;paid;2025-7-19, 10:27;2025-7-19, 10:25;34,25
4465147;6372264;escrow;975173;mercado_pago;pending;;2025-7-21, 10:36;244,38
4465155;6372264;escrow;975173;mercado_pago;paid;2025-7-21, 10:54;2025-7-21, 10:43;244,38
4473436;12326374;escrow;976547;mercado_pago;pending;;2025-7-25, 15:00;37,61
4473441;12326374;escrow;976547;mercado_pago;paid;2025-7-25, 15:05;2025-7-25, 15:02;37,61
4467575;152828;escrow;975611;mercado_pago;paid;2025-7-22, 14:41;2025-7-22, 14:40;75,13
4464558;3081740;escrow;975087;mercado_pago;paid;2025-7-20, 19:52;2025-7-20, 19:51;24,4
447963;975213;validation;975213;credit_card;pending;;2017-11-15, 00:37;0
4465311;3013497;escrow;975213;mercado_pago;paid;2025-7-21, 12:16;2025-7-21, 12:15;18,14
4462990;12293936;escrow;974969;mercado_pago;refunded;2025-7-19, 14:35;2025-7-19, 14:35;56,17
4463058;4276075;escrow;974978;credit_card;paid;2025-7-19, 16:35;2025-7-19, 16:34;117,27
4472853;9719682;escrow;976400;paypal;paid;2025-7-25, 05:09;2025-7-25, 05:06;434,72
4469650;2853516;escrow;975965;paypal;paid;2025-7-23, 16:01;2025-7-23, 16:01;225,56
4466307;12327749;escrow;975384;paypal;paid;2025-7-21, 18:45;2025-7-21, 18:44;73,47
4464022;12213277;escrow;975057;credit_card;paid;2025-7-20, 14:04;2025-7-20, 14:04;151,53
4463778;12329027;escrow;975020;credit_card;paid;2025-7-20, 02:11;2025-7-20, 02:10;115,05
4471283;12329144;escrow;976189;credit_card;paid;2025-7-24, 11:16;2025-7-24, 11:16;48,17
4466702;12329703;escrow;975451;credit_card;paid;2025-7-21, 23:05;2025-7-21, 23:05;64,2
4469443;7504150;escrow;975920;paypal;paid;2025-7-23, 14:12;2025-7-23, 14:12;95,86
4466994;12330121;escrow;975476;paypal;pending;;2025-7-22, 06:44;52,25
4464017;3472453;escrow;975054;credit_card;paid;2025-7-20, 13:57;2025-7-20, 13:57;34
4464125;12330410;escrow;975068;mercado_pago;paid;2025-7-20, 16:43;2025-7-20, 16:42;224,7
4463951;12273499;escrow;975046;mercado_pago;paid;2025-7-20, 12:35;2025-7-20, 12:31;280,87
4467191;399434;escrow;975515;credit_card;paid;2025-7-22, 10:48;2025-7-22, 10:48;54,01
4465817;11527376;escrow;975340;credit_card;paid;2025-7-21, 16:57;2025-7-21, 16:57;32
4470582;3942225;escrow;976084;mercado_pago;pending;;2025-7-23, 20:15;340,35
4471844;3942225;escrow;976084;mercado_pago;paid;2025-7-24, 16:42;2025-7-24, 16:42;340,08
4477271;12332457;escrow;976970;mercado_pago;pending;;2025-7-28, 11:02;149,98
4477272;12332457;escrow;976970;mercado_pago;pending;;2025-7-28, 11:02;149,98
4479239;12332457;escrow;976970;mercado_pago;paid;2025-7-29, 09:27;2025-7-29, 09:25;149,23
4465610;10547855;escrow;975277;mercado_pago;paid;2025-7-21, 15:05;2025-7-21, 15:04;156,09
4464619;717608;escrow;975097;mercado_pago;pending;;2025-7-20, 21:07;93,62
4464936;717608;escrow;975097;mercado_pago;paid;2025-7-21, 07:16;2025-7-21, 07:13;93,38
4464590;12333554;escrow;975090;mercado_pago;paid;2025-7-20, 20:49;2025-7-20, 20:29;16,33
4464645;12333719;escrow;975099;credit_card;pending;;2025-7-20, 21:49;145,37
4464648;12333719;escrow;975099;credit_card;paid;2025-7-20, 21:51;2025-7-20, 21:51;145,37
4467614;12333932;escrow;975621;paypal;paid;2025-7-22, 15:02;2025-7-22, 15:01;12,21
4468354;2351932;escrow;975697;credit_card;refunded;2025-7-22, 18:54;2025-7-22, 18:54;246,19
4467260;7906817;escrow;975531;mercado_pago;paid;2025-7-22, 11:33;2025-7-22, 11:25;37,86
4465333;12335037;escrow;975216;credit_card;paid;2025-7-21, 12:28;2025-7-21, 12:28;192,61
4467603;12335485;escrow;975609;credit_card;paid;2025-7-22, 14:55;2025-7-22, 14:55;124,86
4465551;12335740;escrow;975263;mercado_pago;paid;2025-7-21, 14:41;2025-7-21, 14:41;47,02
4465075;5342714;escrow;975160;mercado_pago;paid;2025-7-21, 10:10;2025-7-21, 10:10;142,26
4481869;2112619;escrow;977740;mercado_pago;paid;2025-7-30, 15:54;2025-7-30, 15:52;28,78
4465175;12286486;escrow;975179;mercado_pago;paid;2025-7-21, 10:56;2025-7-21, 10:56;169,19
4471130;8061061;escrow;976160;mercado_pago;paid;2025-7-24, 09:42;2025-7-24, 09:40;189,29
4469411;12336790;escrow;975909;mercado_pago;paid;2025-7-23, 13:58;2025-7-23, 13:52;45,3
4477373;1312076;escrow;976996;mercado_pago;paid;2025-7-28, 11:59;2025-7-28, 11:56;116,73
4465258;8715631;escrow;975199;mercado_pago;pending;;2025-7-21, 11:50;23,52
4465260;8715631;escrow;975199;mercado_pago;pending;;2025-7-21, 11:50;23,52
4465261;8715631;escrow;975199;mercado_pago;pending;;2025-7-21, 11:51;23,52
4465262;8715631;escrow;975199;mercado_pago;pending;;2025-7-21, 11:51;23,52
4465264;8715631;escrow;975199;mercado_pago;pending;;2025-7-21, 11:53;23,52
4465266;8715631;escrow;975199;mercado_pago;pending;;2025-7-21, 11:53;23,52
4465268;8715631;escrow;975199;mercado_pago;pending;;2025-7-21, 11:53;23,52
4465269;8715631;escrow;975199;mercado_pago;pending;;2025-7-21, 11:53;23,52
4465270;8715631;escrow;975199;mercado_pago;pending;;2025-7-21, 11:54;23,52
4465471;8715631;escrow;975199;mercado_pago;pending;;2025-7-21, 14:01;23,61
4465477;8715631;escrow;975199;mercado_pago;pending;;2025-7-21, 14:03;23,61
4465478;8715631;escrow;975199;paypal;pending;;2025-7-21, 14:03;23,61
4465479;8715631;escrow;975199;mercado_pago;pending;;2025-7-21, 14:03;23,61
4465480;8715631;escrow;975199;mercado_pago;pending;;2025-7-21, 14:03;23,61
4465505;8715631;escrow;975199;mercado_pago;pending;;2025-7-21, 14:16;23,61
4465506;8715631;escrow;975199;mercado_pago;pending;;2025-7-21, 14:16;23,61
4465507;8715631;escrow;975199;mercado_pago;pending;;2025-7-21, 14:16;23,61
4465626;8715631;escrow;975199;mercado_pago;pending;;2025-7-21, 15:11;23,6
4465628;8715631;escrow;975199;mercado_pago;pending;;2025-7-21, 15:11;23,6
4465629;8715631;escrow;975199;mercado_pago;pending;;2025-7-21, 15:11;23,6
4465631;8715631;escrow;975199;mercado_pago;pending;;2025-7-21, 15:11;23,6
4465632;8715631;escrow;975199;mercado_pago;pending;;2025-7-21, 15:11;23,6
4465633;8715631;escrow;975199;mercado_pago;pending;;2025-7-21, 15:11;23,6
4465638;8715631;escrow;975199;mercado_pago;pending;;2025-7-21, 15:14;23,6
4465670;8715631;escrow;975199;mercado_pago;pending;;2025-7-21, 15:31;23,57
4465671;8715631;escrow;975199;mercado_pago;pending;;2025-7-21, 15:32;23,57
4467160;8715631;escrow;975199;mercado_pago;pending;;2025-7-22, 10:35;23,52
4467162;8715631;escrow;975199;mercado_pago;pending;;2025-7-22, 10:36;23,52
4467163;8715631;escrow;975199;mercado_pago;pending;;2025-7-22, 10:36;23,52
4467164;8715631;escrow;975199;mercado_pago;pending;;2025-7-22, 10:36;23,52
4467167;8715631;escrow;975199;mercado_pago;pending;;2025-7-22, 10:38;23,52
4467173;8715631;escrow;975199;mercado_pago;pending;;2025-7-22, 10:39;23,52
4467188;8715631;escrow;975199;mercado_pago;pending;;2025-7-22, 10:45;23,52
4467732;8715631;escrow;975199;mercado_pago;pending;;2025-7-22, 15:54;23,56
4467846;8715631;escrow;975199;mercado_pago;pending;;2025-7-22, 17:05;23,56
4473683;1857653;escrow;976592;credit_card;paid;2025-7-25, 17:00;2025-7-25, 17:00;256,82
4471165;12199219;escrow;976163;mercado_pago;pending;;2025-7-24, 10:02;34,61
4471167;12199219;escrow;976163;mercado_pago;paid;2025-7-24, 10:03;2025-7-24, 10:02;34,61
4467612;1203357;escrow;975336;mercado_pago;paid;2025-7-22, 15:01;2025-7-22, 15:00;112,6
4468296;12337505;escrow;975692;credit_card;paid;2025-7-22, 18:18;2025-7-22, 18:18;111,94
4467527;3024205;escrow;975600;mercado_pago;paid;2025-7-22, 14:12;2025-7-22, 14:11;29
4466281;4234954;escrow;975380;credit_card;refunded;2025-7-21, 18:24;2025-7-21, 18:24;75,24
4477468;12337922;escrow;977012;credit_card;paid;2025-7-28, 12:44;2025-7-28, 12:44;62,7
4469061;1494444;escrow;975365;mercado_pago;paid;2025-7-23, 10:28;2025-7-23, 10:27;129,57
4467697;12338044;escrow;975635;astropay;pending;;2025-7-22, 15:37;133,55
4467700;12338044;escrow;975635;credit_card;paid;2025-7-22, 15:40;2025-7-22, 15:40;125,4
4471374;12338070;escrow;976213;credit_card;paid;2025-7-24, 12:01;2025-7-24, 12:01;644,84
4465771;12338375;escrow;975323;mercado_pago;paid;2025-7-21, 16:30;2025-7-21, 16:28;14,58
4468332;4500762;escrow;975702;mercado_pago;paid;2025-7-22, 18:41;2025-7-22, 18:40;46,94
4468491;184335;escrow;975731;paypal;paid;2025-7-22, 20:37;2025-7-22, 20:37;43,32
4467277;4845793;authorization;975533;credit_card;paid;2025-7-22, 11:33;2025-7-22, 11:33;0
4465586;10196413;escrow;975273;credit_card;pending;;2025-7-21, 14:54;169,26
4465588;10196413;escrow;975273;mercado_pago;paid;2025-7-21, 14:56;2025-7-21, 14:54;169,26
4473089;4865561;escrow;976460;mercado_pago;paid;2025-7-25, 11:27;2025-7-25, 11:26;29,09
4466603;12338680;escrow;975434;credit_card;paid;2025-7-21, 21:32;2025-7-21, 21:32;53,5
4466563;12338810;escrow;975426;mercado_pago;paid;2025-7-21, 21:08;2025-7-21, 21:08;45,11
4467775;2859363;escrow;975649;mercado_pago;paid;2025-7-22, 16:31;2025-7-22, 16:31;50,69
4479620;12339722;escrow;977373;paypal;pending;;2025-7-29, 13:09;295,03
4481267;5851161;escrow;977509;paypal;paid;2025-7-30, 14:09;2025-7-30, 10:07;250,8
4466244;12339962;escrow;975366;credit_card;paid;2025-7-21, 17:58;2025-7-21, 17:58;109,2
4483535;12339962;escrow;977975;credit_card;paid;2025-7-31, 11:40;2025-7-31, 11:40;108,18
4477945;202214;escrow;977132;credit_card;paid;2025-7-28, 16:52;2025-7-28, 16:52;108,91
4466247;11962821;escrow;975368;mercado_pago;paid;2025-7-21, 18:00;2025-7-21, 18:00;65,16
4466273;12340918;escrow;975377;mercado_pago;pending;;2025-7-21, 18:19;262,9
4483055;12264817;escrow;977851;astropay;pending;;2025-7-31, 01:05;400,65
4483059;12264817;escrow;977851;credit_card;paid;2025-7-31, 01:09;2025-7-31, 01:09;376,2
4466369;11317015;escrow;975395;mercado_pago;paid;2025-7-21, 19:10;2025-7-21, 19:06;19,96
4477677;5602969;escrow;977052;credit_card;pending;;2025-7-28, 14:41;48,15
4477683;5602969;escrow;977052;credit_card;paid;2025-7-28, 14:43;2025-7-28, 14:43;48,15
4470650;12342345;escrow;976094;mercado_pago;paid;2025-7-23, 21:20;2025-7-23, 21:12;142,05
4470387;5646103;authorization;975524;credit_card;paid;2025-7-23, 18:44;2025-7-23, 18:44;0
4474209;5646103;hours;975524;credit_card;pending;;2025-7-25, 19:03;48,07
4477712;5646103;hours;975524;credit_card;paid;2025-7-28, 14:57;2025-7-28, 14:57;47,86
4477714;5646103;hours;975524;credit_card;paid;2025-7-28, 14:57;2025-7-28, 14:57;32,9
4477779;5646103;hours;975524;credit_card;paid;2025-7-28, 15:22;2025-7-28, 15:22;17,92
4480047;5646103;hours;975524;credit_card;paid;2025-7-29, 16:49;2025-7-29, 16:49;28,52
4482509;5646103;hours;975524;credit_card;paid;2025-7-30, 17:37;2025-7-30, 17:37;43,5
4484525;5646103;hours;975524;credit_card;paid;2025-7-31, 18:13;2025-7-31, 18:12;44,78
4468628;940104;escrow;975754;virtual_wallet;paid;2025-7-22, 22:31;2025-7-22, 22:31;112,64
4467348;117355;escrow;975556;mercado_pago;paid;2025-7-22, 12:25;2025-7-22, 12:24;41,43
4467044;12343366;escrow;975486;mercado_pago;paid;2025-7-22, 08:46;2025-7-22, 08:45;28,9
